-- phpMyAdmin SQL Dump
-- version 4.9.1
-- https://www.phpmyadmin.net/
--
-- Host: 127.0.0.1
-- Generation Time: Jun 26, 2020 at 10:37 AM
-- Server version: 10.4.8-MariaDB
-- PHP Version: 7.1.32

SET SQL_MODE = "NO_AUTO_VALUE_ON_ZERO";
SET AUTOCOMMIT = 0;
START TRANSACTION;
SET time_zone = "+00:00";


/*!40101 SET @OLD_CHARACTER_SET_CLIENT=@@CHARACTER_SET_CLIENT */;
/*!40101 SET @OLD_CHARACTER_SET_RESULTS=@@CHARACTER_SET_RESULTS */;
/*!40101 SET @OLD_COLLATION_CONNECTION=@@COLLATION_CONNECTION */;
/*!40101 SET NAMES utf8mb4 */;

--
-- Database: `pakar`
--

-- --------------------------------------------------------

--
-- Table structure for table `tb_datalatih`
--

CREATE TABLE `tb_datalatih` (
  `id_datalatih` int(5) NOT NULL,
  `id_pasien` int(5) NOT NULL,
  `id_gejala` varchar(5) NOT NULL,
  `nilai` int(3) NOT NULL,
  `id_penyakit` varchar(3) NOT NULL
) ENGINE=InnoDB DEFAULT CHARSET=utf8mb4;

--
-- Dumping data for table `tb_datalatih`
--

INSERT INTO `tb_datalatih` (`id_datalatih`, `id_pasien`, `id_gejala`, `nilai`, `id_penyakit`) VALUES
(3328, 2, 'G1', 11, 'P01'),
(3329, 2, 'G2', 5, 'P01'),
(3330, 2, 'G3', 9, 'P01'),
(3331, 2, 'G4', 0, 'P01'),
(3332, 2, 'G5', 0, 'P01'),
(3333, 2, 'G6', 0, 'P01'),
(3334, 2, 'G7', 7, 'P01'),
(3335, 2, 'G8', 0, 'P01'),
(3336, 2, 'G9', 0, 'P01'),
(3337, 2, 'G10', 0, 'P01'),
(3338, 2, 'G11', 0, 'P01'),
(3339, 2, 'G12', 0, 'P01'),
(3340, 2, 'G13', 0, 'P01'),
(3341, 2, 'G14', 0, 'P01'),
(3342, 2, 'G15', 0, 'P01'),
(3343, 2, 'G16', 0, 'P01'),
(3344, 2, 'G17', 0, 'P01'),
(3345, 2, 'G18', 0, 'P01'),
(3346, 2, 'G19', 0, 'P01'),
(3347, 2, 'G20', 0, 'P01'),
(3348, 2, 'G21', 0, 'P01'),
(3349, 2, 'G22', 0, 'P01'),
(3350, 2, 'G23', 0, 'P01'),
(3351, 2, 'G24', 0, 'P01'),
(3352, 3, 'G1', 5, 'P01'),
(3353, 3, 'G2', 11, 'P01'),
(3354, 3, 'G3', 19, 'P01'),
(3355, 3, 'G4', 22, 'P01'),
(3356, 3, 'G5', 12, 'P01'),
(3357, 3, 'G6', 0, 'P01'),
(3358, 3, 'G7', 0, 'P01'),
(3359, 3, 'G8', 0, 'P01'),
(3360, 3, 'G9', 0, 'P01'),
(3361, 3, 'G10', 0, 'P01'),
(3362, 3, 'G11', 0, 'P01'),
(3363, 3, 'G12', 0, 'P01'),
(3364, 3, 'G13', 0, 'P01'),
(3365, 3, 'G14', 0, 'P01'),
(3366, 3, 'G15', 0, 'P01'),
(3367, 3, 'G16', 0, 'P01'),
(3368, 3, 'G17', 0, 'P01'),
(3369, 3, 'G18', 0, 'P01'),
(3370, 3, 'G19', 0, 'P01'),
(3371, 3, 'G20', 0, 'P01'),
(3372, 3, 'G21', 0, 'P01'),
(3373, 3, 'G22', 0, 'P01'),
(3374, 3, 'G23', 0, 'P01'),
(3375, 3, 'G24', 0, 'P01'),
(3376, 4, 'G1', 0, 'P01'),
(3377, 4, 'G2', 0, 'P01'),
(3378, 4, 'G3', 19, 'P01'),
(3379, 4, 'G4', 0, 'P01'),
(3380, 4, 'G5', 5, 'P01'),
(3381, 4, 'G6', 7, 'P01'),
(3382, 4, 'G7', 0, 'P01'),
(3383, 4, 'G8', 0, 'P01'),
(3384, 4, 'G9', 0, 'P01'),
(3385, 4, 'G10', 0, 'P01'),
(3386, 4, 'G11', 0, 'P01'),
(3387, 4, 'G12', 0, 'P01'),
(3388, 4, 'G13', 53, 'P01'),
(3389, 4, 'G14', 0, 'P01'),
(3390, 4, 'G15', 0, 'P01'),
(3391, 4, 'G16', 0, 'P01'),
(3392, 4, 'G17', 0, 'P01'),
(3393, 4, 'G18', 0, 'P01'),
(3394, 4, 'G19', 0, 'P01'),
(3395, 4, 'G20', 0, 'P01'),
(3396, 4, 'G21', 0, 'P01'),
(3397, 4, 'G22', 0, 'P01'),
(3398, 4, 'G23', 0, 'P01'),
(3399, 4, 'G24', 0, 'P01'),
(3400, 5, 'G1', 0, 'P01'),
(3401, 5, 'G2', 0, 'P01'),
(3402, 5, 'G3', 0, 'P01'),
(3403, 5, 'G4', 14, 'P01'),
(3404, 5, 'G5', 0, 'P01'),
(3405, 5, 'G6', 28, 'P01'),
(3406, 5, 'G7', 0, 'P01'),
(3407, 5, 'G8', 4, 'P01'),
(3408, 5, 'G9', 3, 'P01'),
(3409, 5, 'G10', 0, 'P01'),
(3410, 5, 'G11', 0, 'P01'),
(3411, 5, 'G12', 0, 'P01'),
(3412, 5, 'G13', 0, 'P01'),
(3413, 5, 'G14', 0, 'P01'),
(3414, 5, 'G15', 0, 'P01'),
(3415, 5, 'G16', 0, 'P01'),
(3416, 5, 'G17', 0, 'P01'),
(3417, 5, 'G18', 0, 'P01'),
(3418, 5, 'G19', 0, 'P01'),
(3419, 5, 'G20', 0, 'P01'),
(3420, 5, 'G21', 0, 'P01'),
(3421, 5, 'G22', 0, 'P01'),
(3422, 5, 'G23', 0, 'P01'),
(3423, 5, 'G24', 0, 'P01'),
(3424, 6, 'G1', 0, 'P01'),
(3425, 6, 'G2', 0, 'P01'),
(3426, 6, 'G3', 0, 'P01'),
(3427, 6, 'G4', 0, 'P01'),
(3428, 6, 'G5', 0, 'P01'),
(3429, 6, 'G6', 0, 'P01'),
(3430, 6, 'G7', 0, 'P01'),
(3431, 6, 'G8', 8, 'P01'),
(3432, 6, 'G9', 9, 'P01'),
(3433, 6, 'G10', 53, 'P01'),
(3434, 6, 'G11', 21, 'P01'),
(3435, 6, 'G12', 0, 'P01'),
(3436, 6, 'G13', 0, 'P01'),
(3437, 6, 'G14', 0, 'P01'),
(3438, 6, 'G15', 0, 'P01'),
(3439, 6, 'G16', 0, 'P01'),
(3440, 6, 'G17', 0, 'P01'),
(3441, 6, 'G18', 0, 'P01'),
(3442, 6, 'G19', 0, 'P01'),
(3443, 6, 'G20', 0, 'P01'),
(3444, 6, 'G21', 0, 'P01'),
(3445, 6, 'G22', 0, 'P01'),
(3446, 6, 'G23', 0, 'P01'),
(3447, 6, 'G24', 0, 'P01'),
(3448, 7, 'G1', 5, 'P01'),
(3449, 7, 'G2', 5, 'P01'),
(3450, 7, 'G3', 0, 'P01'),
(3451, 7, 'G4', 0, 'P01'),
(3452, 7, 'G5', 0, 'P01'),
(3453, 7, 'G6', 0, 'P01'),
(3454, 7, 'G7', 28, 'P01'),
(3455, 7, 'G8', 0, 'P01'),
(3456, 7, 'G9', 0, 'P01'),
(3457, 7, 'G10', 21, 'P01'),
(3458, 7, 'G11', 10, 'P01'),
(3459, 7, 'G12', 14, 'P01'),
(3460, 7, 'G13', 0, 'P01'),
(3461, 7, 'G14', 0, 'P01'),
(3462, 7, 'G15', 0, 'P01'),
(3463, 7, 'G16', 0, 'P01'),
(3464, 7, 'G17', 0, 'P01'),
(3465, 7, 'G18', 0, 'P01'),
(3466, 7, 'G19', 0, 'P01'),
(3467, 7, 'G20', 0, 'P01'),
(3468, 7, 'G21', 0, 'P01'),
(3469, 7, 'G22', 0, 'P01'),
(3470, 7, 'G23', 0, 'P01'),
(3471, 7, 'G24', 0, 'P01'),
(3472, 8, 'G1', 0, 'P01'),
(3473, 8, 'G2', 0, 'P01'),
(3474, 8, 'G3', 0, 'P01'),
(3475, 8, 'G4', 0, 'P01'),
(3476, 8, 'G5', 0, 'P01'),
(3477, 8, 'G6', 0, 'P01'),
(3478, 8, 'G7', 7, 'P01'),
(3479, 8, 'G8', 0, 'P01'),
(3480, 8, 'G9', 9, 'P01'),
(3481, 8, 'G10', 0, 'P01'),
(3482, 8, 'G11', 10, 'P01'),
(3483, 8, 'G12', 22, 'P01'),
(3484, 8, 'G13', 21, 'P01'),
(3485, 8, 'G14', 0, 'P01'),
(3486, 8, 'G15', 0, 'P01'),
(3487, 8, 'G16', 0, 'P01'),
(3488, 8, 'G17', 0, 'P01'),
(3489, 8, 'G18', 0, 'P01'),
(3490, 8, 'G19', 0, 'P01'),
(3491, 8, 'G20', 0, 'P01'),
(3492, 8, 'G21', 0, 'P01'),
(3493, 8, 'G22', 0, 'P01'),
(3494, 8, 'G23', 0, 'P01'),
(3495, 8, 'G24', 0, 'P01'),
(3496, 9, 'G1', 11, 'P01'),
(3497, 9, 'G2', 11, 'P01'),
(3498, 9, 'G3', 9, 'P01'),
(3499, 9, 'G4', 0, 'P01'),
(3500, 9, 'G5', 5, 'P01'),
(3501, 9, 'G6', 7, 'P01'),
(3502, 9, 'G7', 0, 'P01'),
(3503, 9, 'G8', 0, 'P01'),
(3504, 9, 'G9', 0, 'P01'),
(3505, 9, 'G10', 0, 'P01'),
(3506, 9, 'G11', 0, 'P01'),
(3507, 9, 'G12', 0, 'P01'),
(3508, 9, 'G13', 0, 'P01'),
(3509, 9, 'G14', 0, 'P01'),
(3510, 9, 'G15', 0, 'P01'),
(3511, 9, 'G16', 0, 'P01'),
(3512, 9, 'G17', 0, 'P01'),
(3513, 9, 'G18', 0, 'P01'),
(3514, 9, 'G19', 0, 'P01'),
(3515, 9, 'G20', 0, 'P01'),
(3516, 9, 'G21', 0, 'P01'),
(3517, 9, 'G22', 0, 'P01'),
(3518, 9, 'G23', 0, 'P01'),
(3519, 9, 'G24', 0, 'P01'),
(3520, 10, 'G1', 5, 'P01'),
(3521, 10, 'G2', 0, 'P01'),
(3522, 10, 'G3', 0, 'P01'),
(3523, 10, 'G4', 0, 'P01'),
(3524, 10, 'G5', 12, 'P01'),
(3525, 10, 'G6', 0, 'P01'),
(3526, 10, 'G7', 0, 'P01'),
(3527, 10, 'G8', 8, 'P01'),
(3528, 10, 'G9', 3, 'P01'),
(3529, 10, 'G10', 53, 'P01'),
(3530, 10, 'G11', 0, 'P01'),
(3531, 10, 'G12', 0, 'P01'),
(3532, 10, 'G13', 0, 'P01'),
(3533, 10, 'G14', 0, 'P01'),
(3534, 10, 'G15', 0, 'P01'),
(3535, 10, 'G16', 0, 'P01'),
(3536, 10, 'G17', 0, 'P01'),
(3537, 10, 'G18', 0, 'P01'),
(3538, 10, 'G19', 0, 'P01'),
(3539, 10, 'G20', 0, 'P01'),
(3540, 10, 'G21', 0, 'P01'),
(3541, 10, 'G22', 0, 'P01'),
(3542, 10, 'G23', 0, 'P01'),
(3543, 10, 'G24', 0, 'P01'),
(3544, 11, 'G1', 0, 'P01'),
(3545, 11, 'G2', 0, 'P01'),
(3546, 11, 'G3', 0, 'P01'),
(3547, 11, 'G4', 22, 'P01'),
(3548, 11, 'G5', 0, 'P01'),
(3549, 11, 'G6', 28, 'P01'),
(3550, 11, 'G7', 7, 'P01'),
(3551, 11, 'G8', 4, 'P01'),
(3552, 11, 'G9', 0, 'P01'),
(3553, 11, 'G10', 0, 'P01'),
(3554, 11, 'G11', 0, 'P01'),
(3555, 11, 'G12', 0, 'P01'),
(3556, 11, 'G13', 0, 'P01'),
(3557, 11, 'G14', 0, 'P01'),
(3558, 11, 'G15', 0, 'P01'),
(3559, 11, 'G16', 0, 'P01'),
(3560, 11, 'G17', 0, 'P01'),
(3561, 11, 'G18', 0, 'P01'),
(3562, 11, 'G19', 0, 'P01'),
(3563, 11, 'G20', 0, 'P01'),
(3564, 11, 'G21', 0, 'P01'),
(3565, 11, 'G22', 0, 'P01'),
(3566, 11, 'G23', 0, 'P01'),
(3567, 11, 'G24', 0, 'P01'),
(3568, 12, 'G1', 0, 'P02'),
(3569, 12, 'G2', 0, 'P02'),
(3570, 12, 'G3', 19, 'P02'),
(3571, 12, 'G4', 0, 'P02'),
(3572, 12, 'G5', 0, 'P02'),
(3573, 12, 'G6', 0, 'P02'),
(3574, 12, 'G7', 0, 'P02'),
(3575, 12, 'G8', 0, 'P02'),
(3576, 12, 'G9', 0, 'P02'),
(3577, 12, 'G10', 0, 'P02'),
(3578, 12, 'G11', 0, 'P02'),
(3579, 12, 'G12', 0, 'P02'),
(3580, 12, 'G13', 0, 'P02'),
(3581, 12, 'G14', 0, 'P02'),
(3582, 12, 'G15', 0, 'P02'),
(3583, 12, 'G16', 0, 'P02'),
(3584, 12, 'G17', 0, 'P02'),
(3585, 12, 'G18', 0, 'P02'),
(3586, 12, 'G19', 22, 'P02'),
(3587, 12, 'G20', 22, 'P02'),
(3588, 12, 'G21', 22, 'P02'),
(3589, 12, 'G22', 14, 'P02'),
(3590, 12, 'G23', 0, 'P02'),
(3591, 12, 'G24', 0, 'P02'),
(3592, 13, 'G1', 0, 'P02'),
(3593, 13, 'G2', 0, 'P02'),
(3594, 13, 'G3', 0, 'P02'),
(3595, 13, 'G4', 22, 'P02'),
(3596, 13, 'G5', 0, 'P02'),
(3597, 13, 'G6', 0, 'P02'),
(3598, 13, 'G7', 0, 'P02'),
(3599, 13, 'G8', 0, 'P02'),
(3600, 13, 'G9', 0, 'P02'),
(3601, 13, 'G10', 0, 'P02'),
(3602, 13, 'G11', 0, 'P02'),
(3603, 13, 'G12', 0, 'P02'),
(3604, 13, 'G13', 0, 'P02'),
(3605, 13, 'G14', 0, 'P02'),
(3606, 13, 'G15', 0, 'P02'),
(3607, 13, 'G16', 0, 'P02'),
(3608, 13, 'G17', 0, 'P02'),
(3609, 13, 'G18', 0, 'P02'),
(3610, 13, 'G19', 0, 'P02'),
(3611, 13, 'G20', 11, 'P02'),
(3612, 13, 'G21', 11, 'P02'),
(3613, 13, 'G22', 7, 'P02'),
(3614, 13, 'G23', 0, 'P02'),
(3615, 13, 'G24', 0, 'P02'),
(3616, 14, 'G1', 0, 'P02'),
(3617, 14, 'G2', 0, 'P02'),
(3618, 14, 'G3', 0, 'P02'),
(3619, 14, 'G4', 14, 'P02'),
(3620, 14, 'G5', 0, 'P02'),
(3621, 14, 'G6', 0, 'P02'),
(3622, 14, 'G7', 0, 'P02'),
(3623, 14, 'G8', 0, 'P02'),
(3624, 14, 'G9', 0, 'P02'),
(3625, 14, 'G10', 0, 'P02'),
(3626, 14, 'G11', 0, 'P02'),
(3627, 14, 'G12', 0, 'P02'),
(3628, 14, 'G13', 0, 'P02'),
(3629, 14, 'G14', 0, 'P02'),
(3630, 14, 'G15', 0, 'P02'),
(3631, 14, 'G16', 0, 'P02'),
(3632, 14, 'G17', 0, 'P02'),
(3633, 14, 'G18', 0, 'P02'),
(3634, 14, 'G19', 0, 'P02'),
(3635, 14, 'G20', 0, 'P02'),
(3636, 14, 'G21', 0, 'P02'),
(3637, 14, 'G22', 14, 'P02'),
(3638, 14, 'G23', 0, 'P02'),
(3639, 14, 'G24', 0, 'P02'),
(3640, 15, 'G1', 0, 'P02'),
(3641, 15, 'G2', 0, 'P02'),
(3642, 15, 'G3', 9, 'P02'),
(3643, 15, 'G4', 0, 'P02'),
(3644, 15, 'G5', 0, 'P02'),
(3645, 15, 'G6', 0, 'P02'),
(3646, 15, 'G7', 0, 'P02'),
(3647, 15, 'G8', 0, 'P02'),
(3648, 15, 'G9', 0, 'P02'),
(3649, 15, 'G10', 0, 'P02'),
(3650, 15, 'G11', 0, 'P02'),
(3651, 15, 'G12', 0, 'P02'),
(3652, 15, 'G13', 0, 'P02'),
(3653, 15, 'G14', 0, 'P02'),
(3654, 15, 'G15', 0, 'P02'),
(3655, 15, 'G16', 0, 'P02'),
(3656, 15, 'G17', 0, 'P02'),
(3657, 15, 'G18', 0, 'P02'),
(3658, 15, 'G19', 11, 'P02'),
(3659, 15, 'G20', 0, 'P02'),
(3660, 15, 'G21', 11, 'P02'),
(3661, 15, 'G22', 0, 'P02'),
(3662, 15, 'G23', 0, 'P02'),
(3663, 15, 'G24', 0, 'P02'),
(3664, 16, 'G1', 0, 'P02'),
(3665, 16, 'G2', 0, 'P02'),
(3666, 16, 'G3', 0, 'P02'),
(3667, 16, 'G4', 0, 'P02'),
(3668, 16, 'G5', 0, 'P02'),
(3669, 16, 'G6', 0, 'P02'),
(3670, 16, 'G7', 0, 'P02'),
(3671, 16, 'G8', 0, 'P02'),
(3672, 16, 'G9', 0, 'P02'),
(3673, 16, 'G10', 0, 'P02'),
(3674, 16, 'G11', 0, 'P02'),
(3675, 16, 'G12', 0, 'P02'),
(3676, 16, 'G13', 0, 'P02'),
(3677, 16, 'G14', 0, 'P02'),
(3678, 16, 'G15', 0, 'P02'),
(3679, 16, 'G16', 0, 'P02'),
(3680, 16, 'G17', 0, 'P02'),
(3681, 16, 'G18', 0, 'P02'),
(3682, 16, 'G19', 0, 'P02'),
(3683, 16, 'G20', 22, 'P02'),
(3684, 16, 'G21', 0, 'P02'),
(3685, 16, 'G22', 7, 'P02'),
(3686, 16, 'G23', 0, 'P02'),
(3687, 16, 'G24', 0, 'P02'),
(3688, 17, 'G1', 0, 'P02'),
(3689, 17, 'G2', 0, 'P02'),
(3690, 17, 'G3', 19, 'P02'),
(3691, 17, 'G4', 22, 'P02'),
(3692, 17, 'G5', 0, 'P02'),
(3693, 17, 'G6', 0, 'P02'),
(3694, 17, 'G7', 0, 'P02'),
(3695, 17, 'G8', 0, 'P02'),
(3696, 17, 'G9', 0, 'P02'),
(3697, 17, 'G10', 0, 'P02'),
(3698, 17, 'G11', 0, 'P02'),
(3699, 17, 'G12', 0, 'P02'),
(3700, 17, 'G13', 0, 'P02'),
(3701, 17, 'G14', 0, 'P02'),
(3702, 17, 'G15', 0, 'P02'),
(3703, 17, 'G16', 0, 'P02'),
(3704, 17, 'G17', 0, 'P02'),
(3705, 17, 'G18', 0, 'P02'),
(3706, 17, 'G19', 11, 'P02'),
(3707, 17, 'G20', 11, 'P02'),
(3708, 17, 'G21', 0, 'P02'),
(3709, 17, 'G22', 0, 'P02'),
(3710, 17, 'G23', 0, 'P02'),
(3711, 17, 'G24', 0, 'P02'),
(3712, 18, 'G1', 0, 'P02'),
(3713, 18, 'G2', 0, 'P02'),
(3714, 18, 'G3', 0, 'P02'),
(3715, 18, 'G4', 14, 'P02'),
(3716, 18, 'G5', 0, 'P02'),
(3717, 18, 'G6', 0, 'P02'),
(3718, 18, 'G7', 0, 'P02'),
(3719, 18, 'G8', 0, 'P02'),
(3720, 18, 'G9', 0, 'P02'),
(3721, 18, 'G10', 0, 'P02'),
(3722, 18, 'G11', 0, 'P02'),
(3723, 18, 'G12', 0, 'P02'),
(3724, 18, 'G13', 0, 'P02'),
(3725, 18, 'G14', 0, 'P02'),
(3726, 18, 'G15', 0, 'P02'),
(3727, 18, 'G16', 0, 'P02'),
(3728, 18, 'G17', 0, 'P02'),
(3729, 18, 'G18', 0, 'P02'),
(3730, 18, 'G19', 22, 'P02'),
(3731, 18, 'G20', 0, 'P02'),
(3732, 18, 'G21', 0, 'P02'),
(3733, 18, 'G22', 7, 'P02'),
(3734, 18, 'G23', 0, 'P02'),
(3735, 18, 'G24', 0, 'P02'),
(3736, 19, 'G1', 0, 'P02'),
(3737, 19, 'G2', 0, 'P02'),
(3738, 19, 'G3', 0, 'P02'),
(3739, 19, 'G4', 22, 'P02'),
(3740, 19, 'G5', 0, 'P02'),
(3741, 19, 'G6', 0, 'P02'),
(3742, 19, 'G7', 0, 'P02'),
(3743, 19, 'G8', 0, 'P02'),
(3744, 19, 'G9', 0, 'P02'),
(3745, 19, 'G10', 0, 'P02'),
(3746, 19, 'G11', 0, 'P02'),
(3747, 19, 'G12', 0, 'P02'),
(3748, 19, 'G13', 0, 'P02'),
(3749, 19, 'G14', 0, 'P02'),
(3750, 19, 'G15', 0, 'P02'),
(3751, 19, 'G16', 0, 'P02'),
(3752, 19, 'G17', 0, 'P02'),
(3753, 19, 'G18', 0, 'P02'),
(3754, 19, 'G19', 0, 'P02'),
(3755, 19, 'G20', 0, 'P02'),
(3756, 19, 'G21', 22, 'P02'),
(3757, 19, 'G22', 14, 'P02'),
(3758, 19, 'G23', 0, 'P02'),
(3759, 19, 'G24', 0, 'P02'),
(3760, 20, 'G1', 0, 'P02'),
(3761, 20, 'G2', 0, 'P02'),
(3762, 20, 'G3', 19, 'P02'),
(3763, 20, 'G4', 0, 'P02'),
(3764, 20, 'G5', 0, 'P02'),
(3765, 20, 'G6', 0, 'P02'),
(3766, 20, 'G7', 0, 'P02'),
(3767, 20, 'G8', 0, 'P02'),
(3768, 20, 'G9', 0, 'P02'),
(3769, 20, 'G10', 0, 'P02'),
(3770, 20, 'G11', 0, 'P02'),
(3771, 20, 'G12', 0, 'P02'),
(3772, 20, 'G13', 0, 'P02'),
(3773, 20, 'G14', 0, 'P02'),
(3774, 20, 'G15', 0, 'P02'),
(3775, 20, 'G16', 0, 'P02'),
(3776, 20, 'G17', 0, 'P02'),
(3777, 20, 'G18', 0, 'P02'),
(3778, 20, 'G19', 0, 'P02'),
(3779, 20, 'G20', 22, 'P02'),
(3780, 20, 'G21', 0, 'P02'),
(3781, 20, 'G22', 0, 'P02'),
(3782, 20, 'G23', 0, 'P02'),
(3783, 20, 'G24', 0, 'P02'),
(3784, 21, 'G1', 0, 'P02'),
(3785, 21, 'G2', 0, 'P02'),
(3786, 21, 'G3', 9, 'P02'),
(3787, 21, 'G4', 0, 'P02'),
(3788, 21, 'G5', 0, 'P02'),
(3789, 21, 'G6', 0, 'P02'),
(3790, 21, 'G7', 0, 'P02'),
(3791, 21, 'G8', 0, 'P02'),
(3792, 21, 'G9', 0, 'P02'),
(3793, 21, 'G10', 0, 'P02'),
(3794, 21, 'G11', 0, 'P02'),
(3795, 21, 'G12', 0, 'P02'),
(3796, 21, 'G13', 0, 'P02'),
(3797, 21, 'G14', 0, 'P02'),
(3798, 21, 'G15', 0, 'P02'),
(3799, 21, 'G16', 0, 'P02'),
(3800, 21, 'G17', 0, 'P02'),
(3801, 21, 'G18', 0, 'P02'),
(3802, 21, 'G19', 0, 'P02'),
(3803, 21, 'G20', 0, 'P02'),
(3804, 21, 'G21', 11, 'P02'),
(3805, 21, 'G22', 0, 'P02'),
(3806, 21, 'G23', 0, 'P02'),
(3807, 21, 'G24', 0, 'P02'),
(3808, 22, 'G1', 11, 'P03'),
(3809, 22, 'G2', 0, 'P03'),
(3810, 22, 'G3', 9, 'P03'),
(3811, 22, 'G4', 0, 'P03'),
(3812, 22, 'G5', 0, 'P03'),
(3813, 22, 'G6', 0, 'P03'),
(3814, 22, 'G7', 0, 'P03'),
(3815, 22, 'G8', 0, 'P03'),
(3816, 22, 'G9', 9, 'P03'),
(3817, 22, 'G10', 0, 'P03'),
(3818, 22, 'G11', 0, 'P03'),
(3819, 22, 'G12', 22, 'P03'),
(3820, 22, 'G13', 0, 'P03'),
(3821, 22, 'G14', 11, 'P03'),
(3822, 22, 'G15', 15, 'P03'),
(3823, 22, 'G16', 0, 'P03'),
(3824, 22, 'G17', 0, 'P03'),
(3825, 22, 'G18', 16, 'P03'),
(3826, 22, 'G19', 0, 'P03'),
(3827, 22, 'G20', 0, 'P03'),
(3828, 22, 'G21', 0, 'P03'),
(3829, 22, 'G22', 0, 'P03'),
(3830, 22, 'G23', 0, 'P03'),
(3831, 22, 'G24', 0, 'P03'),
(3832, 23, 'G1', 5, 'P03'),
(3833, 23, 'G2', 0, 'P03'),
(3834, 23, 'G3', 19, 'P03'),
(3835, 23, 'G4', 0, 'P03'),
(3836, 23, 'G5', 12, 'P03'),
(3837, 23, 'G6', 0, 'P03'),
(3838, 23, 'G7', 0, 'P03'),
(3839, 23, 'G8', 0, 'P03'),
(3840, 23, 'G9', 0, 'P03'),
(3841, 23, 'G10', 0, 'P03'),
(3842, 23, 'G11', 21, 'P03'),
(3843, 23, 'G12', 0, 'P03'),
(3844, 23, 'G13', 0, 'P03'),
(3845, 23, 'G14', 0, 'P03'),
(3846, 23, 'G15', 10, 'P03'),
(3847, 23, 'G16', 0, 'P03'),
(3848, 23, 'G17', 0, 'P03'),
(3849, 23, 'G18', 0, 'P03'),
(3850, 23, 'G19', 0, 'P03'),
(3851, 23, 'G20', 0, 'P03'),
(3852, 23, 'G21', 0, 'P03'),
(3853, 23, 'G22', 0, 'P03'),
(3854, 23, 'G23', 0, 'P03'),
(3855, 23, 'G24', 0, 'P03'),
(3856, 24, 'G1', 0, 'P03'),
(3857, 24, 'G2', 0, 'P03'),
(3858, 24, 'G3', 19, 'P03'),
(3859, 24, 'G4', 0, 'P03'),
(3860, 24, 'G5', 5, 'P03'),
(3861, 24, 'G6', 0, 'P03'),
(3862, 24, 'G7', 0, 'P03'),
(3863, 24, 'G8', 0, 'P03'),
(3864, 24, 'G9', 0, 'P03'),
(3865, 24, 'G10', 0, 'P03'),
(3866, 24, 'G11', 10, 'P03'),
(3867, 24, 'G12', 22, 'P03'),
(3868, 24, 'G13', 0, 'P03'),
(3869, 24, 'G14', 0, 'P03'),
(3870, 24, 'G15', 10, 'P03'),
(3871, 24, 'G16', 0, 'P03'),
(3872, 24, 'G17', 0, 'P03'),
(3873, 24, 'G18', 0, 'P03'),
(3874, 24, 'G19', 0, 'P03'),
(3875, 24, 'G20', 0, 'P03'),
(3876, 24, 'G21', 0, 'P03'),
(3877, 24, 'G22', 0, 'P03'),
(3878, 24, 'G23', 0, 'P03'),
(3879, 24, 'G24', 0, 'P03'),
(3880, 25, 'G1', 0, 'P03'),
(3881, 25, 'G2', 0, 'P03'),
(3882, 25, 'G3', 0, 'P03'),
(3883, 25, 'G4', 0, 'P03'),
(3884, 25, 'G5', 12, 'P03'),
(3885, 25, 'G6', 0, 'P03'),
(3886, 25, 'G7', 0, 'P03'),
(3887, 25, 'G8', 0, 'P03'),
(3888, 25, 'G9', 3, 'P03'),
(3889, 25, 'G10', 0, 'P03'),
(3890, 25, 'G11', 10, 'P03'),
(3891, 25, 'G12', 0, 'P03'),
(3892, 25, 'G13', 0, 'P03'),
(3893, 25, 'G14', 11, 'P03'),
(3894, 25, 'G15', 0, 'P03'),
(3895, 25, 'G16', 0, 'P03'),
(3896, 25, 'G17', 0, 'P03'),
(3897, 25, 'G18', 16, 'P03'),
(3898, 25, 'G19', 0, 'P03'),
(3899, 25, 'G20', 0, 'P03'),
(3900, 25, 'G21', 0, 'P03'),
(3901, 25, 'G22', 0, 'P03'),
(3902, 25, 'G23', 0, 'P03'),
(3903, 25, 'G24', 0, 'P03'),
(3904, 26, 'G1', 5, 'P03'),
(3905, 26, 'G2', 0, 'P03'),
(3906, 26, 'G3', 0, 'P03'),
(3907, 26, 'G4', 0, 'P03'),
(3908, 26, 'G5', 5, 'P03'),
(3909, 26, 'G6', 0, 'P03'),
(3910, 26, 'G7', 0, 'P03'),
(3911, 26, 'G8', 0, 'P03'),
(3912, 26, 'G9', 9, 'P03'),
(3913, 26, 'G10', 0, 'P03'),
(3914, 26, 'G11', 0, 'P03'),
(3915, 26, 'G12', 14, 'P03'),
(3916, 26, 'G13', 0, 'P03'),
(3917, 26, 'G14', 11, 'P03'),
(3918, 26, 'G15', 0, 'P03'),
(3919, 26, 'G16', 0, 'P03'),
(3920, 26, 'G17', 0, 'P03'),
(3921, 26, 'G18', 0, 'P03'),
(3922, 26, 'G19', 0, 'P03'),
(3923, 26, 'G20', 0, 'P03'),
(3924, 26, 'G21', 0, 'P03'),
(3925, 26, 'G22', 0, 'P03'),
(3926, 26, 'G23', 0, 'P03'),
(3927, 26, 'G24', 0, 'P03'),
(3928, 27, 'G1', 0, 'P03'),
(3929, 27, 'G2', 0, 'P03'),
(3930, 27, 'G3', 0, 'P03'),
(3931, 27, 'G4', 0, 'P03'),
(3932, 27, 'G5', 12, 'P03'),
(3933, 27, 'G6', 0, 'P03'),
(3934, 27, 'G7', 0, 'P03'),
(3935, 27, 'G8', 0, 'P03'),
(3936, 27, 'G9', 3, 'P03'),
(3937, 27, 'G10', 0, 'P03'),
(3938, 27, 'G11', 21, 'P03'),
(3939, 27, 'G12', 14, 'P03'),
(3940, 27, 'G13', 0, 'P03'),
(3941, 27, 'G14', 0, 'P03'),
(3942, 27, 'G15', 0, 'P03'),
(3943, 27, 'G16', 0, 'P03'),
(3944, 27, 'G17', 0, 'P03'),
(3945, 27, 'G18', 16, 'P03'),
(3946, 27, 'G19', 0, 'P03'),
(3947, 27, 'G20', 0, 'P03'),
(3948, 27, 'G21', 0, 'P03'),
(3949, 27, 'G22', 0, 'P03'),
(3950, 27, 'G23', 0, 'P03'),
(3951, 27, 'G24', 0, 'P03'),
(3952, 28, 'G1', 0, 'P03'),
(3953, 28, 'G2', 0, 'P03'),
(3954, 28, 'G3', 9, 'P03'),
(3955, 28, 'G4', 0, 'P03'),
(3956, 28, 'G5', 0, 'P03'),
(3957, 28, 'G6', 0, 'P03'),
(3958, 28, 'G7', 0, 'P03'),
(3959, 28, 'G8', 0, 'P03'),
(3960, 28, 'G9', 0, 'P03'),
(3961, 28, 'G10', 0, 'P03'),
(3962, 28, 'G11', 21, 'P03'),
(3963, 28, 'G12', 22, 'P03'),
(3964, 28, 'G13', 0, 'P03'),
(3965, 28, 'G14', 0, 'P03'),
(3966, 28, 'G15', 10, 'P03'),
(3967, 28, 'G16', 0, 'P03'),
(3968, 28, 'G17', 0, 'P03'),
(3969, 28, 'G18', 16, 'P03'),
(3970, 28, 'G19', 0, 'P03'),
(3971, 28, 'G20', 0, 'P03'),
(3972, 28, 'G21', 0, 'P03'),
(3973, 28, 'G22', 0, 'P03'),
(3974, 28, 'G23', 0, 'P03'),
(3975, 28, 'G24', 0, 'P03'),
(3976, 29, 'G1', 11, 'P03'),
(3977, 29, 'G2', 0, 'P03'),
(3978, 29, 'G3', 0, 'P03'),
(3979, 29, 'G4', 0, 'P03'),
(3980, 29, 'G5', 0, 'P03'),
(3981, 29, 'G6', 0, 'P03'),
(3982, 29, 'G7', 0, 'P03'),
(3983, 29, 'G8', 0, 'P03'),
(3984, 29, 'G9', 9, 'P03'),
(3985, 29, 'G10', 0, 'P03'),
(3986, 29, 'G11', 0, 'P03'),
(3987, 29, 'G12', 0, 'P03'),
(3988, 29, 'G13', 0, 'P03'),
(3989, 29, 'G14', 11, 'P03'),
(3990, 29, 'G15', 15, 'P03'),
(3991, 29, 'G16', 0, 'P03'),
(3992, 29, 'G17', 0, 'P03'),
(3993, 29, 'G18', 16, 'P03'),
(3994, 29, 'G19', 0, 'P03'),
(3995, 29, 'G20', 0, 'P03'),
(3996, 29, 'G21', 0, 'P03'),
(3997, 29, 'G22', 0, 'P03'),
(3998, 29, 'G23', 0, 'P03'),
(3999, 29, 'G24', 0, 'P03'),
(4000, 30, 'G1', 0, 'P03'),
(4001, 30, 'G2', 0, 'P03'),
(4002, 30, 'G3', 9, 'P03'),
(4003, 30, 'G4', 0, 'P03'),
(4004, 30, 'G5', 5, 'P03'),
(4005, 30, 'G6', 0, 'P03'),
(4006, 30, 'G7', 0, 'P03'),
(4007, 30, 'G8', 0, 'P03'),
(4008, 30, 'G9', 9, 'P03'),
(4009, 30, 'G10', 0, 'P03'),
(4010, 30, 'G11', 0, 'P03'),
(4011, 30, 'G12', 0, 'P03'),
(4012, 30, 'G13', 0, 'P03'),
(4013, 30, 'G14', 11, 'P03'),
(4014, 30, 'G15', 0, 'P03'),
(4015, 30, 'G16', 0, 'P03'),
(4016, 30, 'G17', 0, 'P03'),
(4017, 30, 'G18', 0, 'P03'),
(4018, 30, 'G19', 0, 'P03'),
(4019, 30, 'G20', 0, 'P03'),
(4020, 30, 'G21', 0, 'P03'),
(4021, 30, 'G22', 0, 'P03'),
(4022, 30, 'G23', 0, 'P03'),
(4023, 30, 'G24', 0, 'P03'),
(4024, 31, 'G1', 5, 'P03'),
(4025, 31, 'G2', 0, 'P03'),
(4026, 31, 'G3', 0, 'P03'),
(4027, 31, 'G4', 0, 'P03'),
(4028, 31, 'G5', 5, 'P03'),
(4029, 31, 'G6', 0, 'P03'),
(4030, 31, 'G7', 0, 'P03'),
(4031, 31, 'G8', 0, 'P03'),
(4032, 31, 'G9', 3, 'P03'),
(4033, 31, 'G10', 0, 'P03'),
(4034, 31, 'G11', 0, 'P03'),
(4035, 31, 'G12', 0, 'P03'),
(4036, 31, 'G13', 0, 'P03'),
(4037, 31, 'G14', 11, 'P03'),
(4038, 31, 'G15', 0, 'P03'),
(4039, 31, 'G16', 0, 'P03'),
(4040, 31, 'G17', 0, 'P03'),
(4041, 31, 'G18', 0, 'P03'),
(4042, 31, 'G19', 0, 'P03'),
(4043, 31, 'G20', 0, 'P03'),
(4044, 31, 'G21', 0, 'P03'),
(4045, 31, 'G22', 0, 'P03'),
(4046, 31, 'G23', 0, 'P03'),
(4047, 31, 'G24', 0, 'P03'),
(4048, 32, 'G1', 11, 'P04'),
(4049, 32, 'G2', 0, 'P04'),
(4050, 32, 'G3', 0, 'P04'),
(4051, 32, 'G4', 0, 'P04'),
(4052, 32, 'G5', 12, 'P04'),
(4053, 32, 'G6', 0, 'P04'),
(4054, 32, 'G7', 0, 'P04'),
(4055, 32, 'G8', 0, 'P04'),
(4056, 32, 'G9', 0, 'P04'),
(4057, 32, 'G10', 0, 'P04'),
(4058, 32, 'G11', 0, 'P04'),
(4059, 32, 'G12', 14, 'P04'),
(4060, 32, 'G13', 0, 'P04'),
(4061, 32, 'G14', 0, 'P04'),
(4062, 32, 'G15', 15, 'P04'),
(4063, 32, 'G16', 0, 'P04'),
(4064, 32, 'G17', 0, 'P04'),
(4065, 32, 'G18', 0, 'P04'),
(4066, 32, 'G19', 0, 'P04'),
(4067, 32, 'G20', 0, 'P04'),
(4068, 32, 'G21', 0, 'P04'),
(4069, 32, 'G22', 0, 'P04'),
(4070, 32, 'G23', 50, 'P04'),
(4071, 32, 'G24', 28, 'P04'),
(4072, 33, 'G1', 5, 'P04'),
(4073, 33, 'G2', 0, 'P04'),
(4074, 33, 'G3', 0, 'P04'),
(4075, 33, 'G4', 22, 'P04'),
(4076, 33, 'G5', 5, 'P04'),
(4077, 33, 'G6', 7, 'P04'),
(4078, 33, 'G7', 0, 'P04'),
(4079, 33, 'G8', 0, 'P04'),
(4080, 33, 'G9', 0, 'P04'),
(4081, 33, 'G10', 0, 'P04'),
(4082, 33, 'G11', 0, 'P04'),
(4083, 33, 'G12', 22, 'P04'),
(4084, 33, 'G13', 0, 'P04'),
(4085, 33, 'G14', 0, 'P04'),
(4086, 33, 'G15', 10, 'P04'),
(4087, 33, 'G16', 14, 'P04'),
(4088, 33, 'G17', 0, 'P04'),
(4089, 33, 'G18', 0, 'P04'),
(4090, 33, 'G19', 0, 'P04'),
(4091, 33, 'G20', 0, 'P04'),
(4092, 33, 'G21', 0, 'P04'),
(4093, 33, 'G22', 0, 'P04'),
(4094, 33, 'G23', 21, 'P04'),
(4095, 33, 'G24', 11, 'P04'),
(4096, 34, 'G1', 0, 'P04'),
(4097, 34, 'G2', 0, 'P04'),
(4098, 34, 'G3', 9, 'P04'),
(4099, 34, 'G4', 14, 'P04'),
(4100, 34, 'G5', 0, 'P04'),
(4101, 34, 'G6', 28, 'P04'),
(4102, 34, 'G7', 0, 'P04'),
(4103, 34, 'G8', 0, 'P04'),
(4104, 34, 'G9', 0, 'P04'),
(4105, 34, 'G10', 0, 'P04'),
(4106, 34, 'G11', 0, 'P04'),
(4107, 34, 'G12', 0, 'P04'),
(4108, 34, 'G13', 0, 'P04'),
(4109, 34, 'G14', 0, 'P04'),
(4110, 34, 'G15', 0, 'P04'),
(4111, 34, 'G16', 22, 'P04'),
(4112, 34, 'G17', 11, 'P04'),
(4113, 34, 'G18', 0, 'P04'),
(4114, 34, 'G19', 0, 'P04'),
(4115, 34, 'G20', 0, 'P04'),
(4116, 34, 'G21', 0, 'P04'),
(4117, 34, 'G22', 0, 'P04'),
(4118, 34, 'G23', 0, 'P04'),
(4119, 34, 'G24', 11, 'P04'),
(4120, 35, 'G1', 0, 'P04'),
(4121, 35, 'G2', 0, 'P04'),
(4122, 35, 'G3', 19, 'P04'),
(4123, 35, 'G4', 0, 'P04'),
(4124, 35, 'G5', 0, 'P04'),
(4125, 35, 'G6', 0, 'P04'),
(4126, 35, 'G7', 0, 'P04'),
(4127, 35, 'G8', 0, 'P04'),
(4128, 35, 'G9', 0, 'P04'),
(4129, 35, 'G10', 0, 'P04'),
(4130, 35, 'G11', 0, 'P04'),
(4131, 35, 'G12', 0, 'P04'),
(4132, 35, 'G13', 0, 'P04'),
(4133, 35, 'G14', 0, 'P04'),
(4134, 35, 'G15', 0, 'P04'),
(4135, 35, 'G16', 14, 'P04'),
(4136, 35, 'G17', 5, 'P04'),
(4137, 35, 'G18', 0, 'P04'),
(4138, 35, 'G19', 0, 'P04'),
(4139, 35, 'G20', 0, 'P04'),
(4140, 35, 'G21', 0, 'P04'),
(4141, 35, 'G22', 0, 'P04'),
(4142, 35, 'G23', 21, 'P04'),
(4143, 35, 'G24', 0, 'P04'),
(4144, 36, 'G1', 11, 'P04'),
(4145, 36, 'G2', 0, 'P04'),
(4146, 36, 'G3', 0, 'P04'),
(4147, 36, 'G4', 14, 'P04'),
(4148, 36, 'G5', 0, 'P04'),
(4149, 36, 'G6', 0, 'P04'),
(4150, 36, 'G7', 0, 'P04'),
(4151, 36, 'G8', 0, 'P04'),
(4152, 36, 'G9', 0, 'P04'),
(4153, 36, 'G10', 0, 'P04'),
(4154, 36, 'G11', 0, 'P04'),
(4155, 36, 'G12', 0, 'P04'),
(4156, 36, 'G13', 0, 'P04'),
(4157, 36, 'G14', 0, 'P04'),
(4158, 36, 'G15', 10, 'P04'),
(4159, 36, 'G16', 0, 'P04'),
(4160, 36, 'G17', 11, 'P04'),
(4161, 36, 'G18', 0, 'P04'),
(4162, 36, 'G19', 0, 'P04'),
(4163, 36, 'G20', 0, 'P04'),
(4164, 36, 'G21', 0, 'P04'),
(4165, 36, 'G22', 0, 'P04'),
(4166, 36, 'G23', 0, 'P04'),
(4167, 36, 'G24', 28, 'P04'),
(4168, 37, 'G1', 5, 'P04'),
(4169, 37, 'G2', 0, 'P04'),
(4170, 37, 'G3', 19, 'P04'),
(4171, 37, 'G4', 22, 'P04'),
(4172, 37, 'G5', 5, 'P04'),
(4173, 37, 'G6', 7, 'P04'),
(4174, 37, 'G7', 0, 'P04'),
(4175, 37, 'G8', 0, 'P04'),
(4176, 37, 'G9', 0, 'P04'),
(4177, 37, 'G10', 0, 'P04'),
(4178, 37, 'G11', 0, 'P04'),
(4179, 37, 'G12', 0, 'P04'),
(4180, 37, 'G13', 0, 'P04'),
(4181, 37, 'G14', 0, 'P04'),
(4182, 37, 'G15', 10, 'P04'),
(4183, 37, 'G16', 0, 'P04'),
(4184, 37, 'G17', 5, 'P04'),
(4185, 37, 'G18', 0, 'P04'),
(4186, 37, 'G19', 0, 'P04'),
(4187, 37, 'G20', 0, 'P04'),
(4188, 37, 'G21', 0, 'P04'),
(4189, 37, 'G22', 0, 'P04'),
(4190, 37, 'G23', 0, 'P04'),
(4191, 37, 'G24', 0, 'P04'),
(4192, 38, 'G1', 5, 'P04'),
(4193, 38, 'G2', 0, 'P04'),
(4194, 38, 'G3', 0, 'P04'),
(4195, 38, 'G4', 0, 'P04'),
(4196, 38, 'G5', 5, 'P04'),
(4197, 38, 'G6', 0, 'P04'),
(4198, 38, 'G7', 0, 'P04'),
(4199, 38, 'G8', 0, 'P04'),
(4200, 38, 'G9', 0, 'P04'),
(4201, 38, 'G10', 0, 'P04'),
(4202, 38, 'G11', 0, 'P04'),
(4203, 38, 'G12', 0, 'P04'),
(4204, 38, 'G13', 0, 'P04'),
(4205, 38, 'G14', 0, 'P04'),
(4206, 38, 'G15', 15, 'P04'),
(4207, 38, 'G16', 0, 'P04'),
(4208, 38, 'G17', 0, 'P04'),
(4209, 38, 'G18', 0, 'P04'),
(4210, 38, 'G19', 0, 'P04'),
(4211, 38, 'G20', 0, 'P04'),
(4212, 38, 'G21', 0, 'P04'),
(4213, 38, 'G22', 0, 'P04'),
(4214, 38, 'G23', 50, 'P04'),
(4215, 38, 'G24', 0, 'P04'),
(4216, 39, 'G1', 11, 'P04'),
(4217, 39, 'G2', 0, 'P04'),
(4218, 39, 'G3', 9, 'P04'),
(4219, 39, 'G4', 14, 'P04'),
(4220, 39, 'G5', 12, 'P04'),
(4221, 39, 'G6', 7, 'P04'),
(4222, 39, 'G7', 0, 'P04'),
(4223, 39, 'G8', 0, 'P04'),
(4224, 39, 'G9', 0, 'P04'),
(4225, 39, 'G10', 0, 'P04'),
(4226, 39, 'G11', 0, 'P04'),
(4227, 39, 'G12', 0, 'P04'),
(4228, 39, 'G13', 0, 'P04'),
(4229, 39, 'G14', 0, 'P04'),
(4230, 39, 'G15', 10, 'P04'),
(4231, 39, 'G16', 0, 'P04'),
(4232, 39, 'G17', 11, 'P04'),
(4233, 39, 'G18', 0, 'P04'),
(4234, 39, 'G19', 0, 'P04'),
(4235, 39, 'G20', 0, 'P04'),
(4236, 39, 'G21', 0, 'P04'),
(4237, 39, 'G22', 0, 'P04'),
(4238, 39, 'G23', 0, 'P04'),
(4239, 39, 'G24', 28, 'P04'),
(4240, 40, 'G1', 0, 'P04'),
(4241, 40, 'G2', 0, 'P04'),
(4242, 40, 'G3', 0, 'P04'),
(4243, 40, 'G4', 0, 'P04'),
(4244, 40, 'G5', 12, 'P04'),
(4245, 40, 'G6', 28, 'P04'),
(4246, 40, 'G7', 0, 'P04'),
(4247, 40, 'G8', 0, 'P04'),
(4248, 40, 'G9', 0, 'P04'),
(4249, 40, 'G10', 0, 'P04'),
(4250, 40, 'G11', 0, 'P04'),
(4251, 40, 'G12', 0, 'P04'),
(4252, 40, 'G13', 0, 'P04'),
(4253, 40, 'G14', 0, 'P04'),
(4254, 40, 'G15', 0, 'P04'),
(4255, 40, 'G16', 22, 'P04'),
(4256, 40, 'G17', 0, 'P04'),
(4257, 40, 'G18', 0, 'P04'),
(4258, 40, 'G19', 0, 'P04'),
(4259, 40, 'G20', 0, 'P04'),
(4260, 40, 'G21', 0, 'P04'),
(4261, 40, 'G22', 0, 'P04'),
(4262, 40, 'G23', 0, 'P04'),
(4263, 40, 'G24', 11, 'P04'),
(4264, 41, 'G1', 0, 'P04'),
(4265, 41, 'G2', 0, 'P04'),
(4266, 41, 'G3', 9, 'P04'),
(4267, 41, 'G4', 22, 'P04'),
(4268, 41, 'G5', 0, 'P04'),
(4269, 41, 'G6', 28, 'P04'),
(4270, 41, 'G7', 0, 'P04'),
(4271, 41, 'G8', 0, 'P04'),
(4272, 41, 'G9', 0, 'P04'),
(4273, 41, 'G10', 0, 'P04'),
(4274, 41, 'G11', 0, 'P04'),
(4275, 41, 'G12', 0, 'P04'),
(4276, 41, 'G13', 0, 'P04'),
(4277, 41, 'G14', 0, 'P04'),
(4278, 41, 'G15', 0, 'P04'),
(4279, 41, 'G16', 14, 'P04'),
(4280, 41, 'G17', 0, 'P04'),
(4281, 41, 'G18', 0, 'P04'),
(4282, 41, 'G19', 0, 'P04'),
(4283, 41, 'G20', 0, 'P04'),
(4284, 41, 'G21', 0, 'P04'),
(4285, 41, 'G22', 0, 'P04'),
(4286, 41, 'G23', 0, 'P04'),
(4287, 41, 'G24', 0, 'P04');

-- --------------------------------------------------------

--
-- Table structure for table `tb_datauji`
--

CREATE TABLE `tb_datauji` (
  `id_datauji` int(5) NOT NULL,
  `id_pasien` int(5) NOT NULL,
  `id_gejala` varchar(5) NOT NULL,
  `nilai` int(3) NOT NULL
) ENGINE=InnoDB DEFAULT CHARSET=utf8mb4;

--
-- Dumping data for table `tb_datauji`
--

INSERT INTO `tb_datauji` (`id_datauji`, `id_pasien`, `id_gejala`, `nilai`) VALUES
(16, 7, 'G1', 10),
(17, 31, 'G1', 10),
(18, 7, 'G1', 10),
(19, 7, 'G1', 10),
(20, 31, 'G1', 10),
(21, 31, 'G1', 10),
(22, 31, 'G1', 10),
(23, 31, 'G2', 10),
(24, 31, 'G3', 10),
(43, 33, 'G1', 3),
(44, 33, 'G2', 4),
(45, 33, 'G3', 3),
(46, 33, 'G4', 4),
(47, 33, 'G5', 0),
(48, 33, 'G6', 0),
(49, 33, 'G7', 0),
(50, 33, 'G8', 0),
(51, 33, 'G9', 3),
(52, 33, 'G10', 0),
(53, 33, 'G11', 5),
(54, 33, 'G12', 0),
(55, 33, 'G13', 0),
(56, 33, 'G14', 0),
(57, 33, 'G15', 0),
(58, 33, 'G16', 0),
(59, 33, 'G17', 0),
(60, 35, 'G1', 3),
(61, 35, 'G2', 0),
(62, 35, 'G3', 3),
(63, 35, 'G4', 0),
(64, 35, 'G5', 5),
(65, 35, 'G6', 0),
(66, 35, 'G7', 3),
(67, 35, 'G8', 0),
(68, 35, 'G9', 3),
(69, 35, 'G10', 0),
(70, 35, 'G11', 5),
(71, 35, 'G12', 0),
(72, 35, 'G13', 5),
(73, 35, 'G14', 0),
(74, 35, 'G15', 3),
(75, 35, 'G16', 0),
(76, 35, 'G17', 3),
(77, 36, 'G1', 3),
(78, 36, 'G2', 4),
(79, 36, 'G3', 3),
(80, 36, 'G4', 4),
(81, 36, 'G5', 5),
(82, 36, 'G6', 4),
(83, 36, 'G7', 3),
(84, 36, 'G8', 4),
(85, 36, 'G9', 3),
(86, 36, 'G10', 0),
(87, 36, 'G11', 0),
(88, 36, 'G12', 5),
(89, 36, 'G13', 5),
(90, 36, 'G14', 4),
(91, 36, 'G15', 3),
(92, 36, 'G16', 3),
(93, 36, 'G17', 3),
(94, 37, 'G1', 3),
(95, 37, 'G2', 4),
(96, 37, 'G3', 3),
(97, 37, 'G4', 0),
(98, 37, 'G5', 0),
(99, 37, 'G6', 0),
(100, 37, 'G7', 3),
(101, 37, 'G8', 4),
(102, 37, 'G9', 3),
(103, 37, 'G10', 0),
(104, 37, 'G11', 5),
(105, 37, 'G12', 5),
(106, 37, 'G13', 0),
(107, 37, 'G14', 4),
(108, 37, 'G15', 0),
(109, 37, 'G16', 3),
(110, 37, 'G17', 0),
(111, 38, 'G1', 3),
(112, 38, 'G2', 4),
(113, 38, 'G3', 3),
(114, 38, 'G4', 4),
(115, 38, 'G5', 5),
(116, 38, 'G6', 4),
(117, 38, 'G7', 3),
(118, 38, 'G8', 4),
(119, 38, 'G9', 3),
(120, 38, 'G10', 0),
(121, 38, 'G11', 0),
(122, 38, 'G12', 0),
(123, 38, 'G13', 0),
(124, 38, 'G14', 0),
(125, 38, 'G15', 0),
(126, 38, 'G16', 0),
(127, 38, 'G17', 3),
(128, 39, 'G1', 3),
(129, 39, 'G2', 4),
(130, 39, 'G3', 3),
(131, 39, 'G4', 4),
(132, 39, 'G5', 5),
(133, 39, 'G6', 4),
(134, 39, 'G7', 3),
(135, 39, 'G8', 0),
(136, 39, 'G9', 0),
(137, 39, 'G10', 0),
(138, 39, 'G11', 0),
(139, 39, 'G12', 0),
(140, 39, 'G13', 0),
(141, 39, 'G14', 0),
(142, 39, 'G15', 0),
(143, 39, 'G16', 0),
(144, 39, 'G17', 0),
(145, 40, 'G1', 3),
(146, 40, 'G2', 4),
(147, 40, 'G3', 3),
(148, 40, 'G4', 4),
(149, 40, 'G5', 5),
(150, 40, 'G6', 4),
(151, 40, 'G7', 3),
(152, 40, 'G8', 4),
(153, 40, 'G9', 3),
(154, 40, 'G10', 3),
(155, 40, 'G11', 5),
(156, 40, 'G12', 5),
(157, 40, 'G13', 5),
(158, 40, 'G14', 4),
(159, 40, 'G15', 3),
(160, 40, 'G16', 3),
(161, 40, 'G17', 3),
(162, 40, 'G1', 3),
(163, 40, 'G2', 4),
(164, 40, 'G3', 3),
(165, 40, 'G4', 4),
(166, 40, 'G5', 5),
(167, 40, 'G6', 4),
(168, 40, 'G7', 3),
(169, 40, 'G8', 4),
(170, 40, 'G9', 3),
(171, 40, 'G10', 3),
(172, 40, 'G11', 5),
(173, 40, 'G12', 5),
(174, 40, 'G13', 5),
(175, 40, 'G14', 4),
(176, 40, 'G15', 3),
(177, 40, 'G16', 3),
(178, 40, 'G17', 3),
(179, 41, 'G1', 3),
(180, 41, 'G2', 4),
(182, 46, 'G1', 3),
(183, 46, 'G2', 4),
(184, 46, 'G3', 3),
(185, 46, 'G4', 4),
(186, 46, 'G5', 5),
(187, 46, 'G6', 4),
(188, 46, 'G7', 3),
(189, 46, 'G8', 4),
(190, 46, 'G9', 3),
(191, 46, 'G10', 3),
(192, 46, 'G11', 5),
(193, 46, 'G12', 5),
(194, 46, 'G13', 5),
(195, 46, 'G14', 4),
(196, 46, 'G15', 3),
(197, 46, 'G16', 3),
(198, 46, 'G17', 3),
(199, 49, 'G1', 3),
(200, 49, 'G2', 4),
(201, 49, 'G3', 3),
(202, 49, 'G4', 4),
(203, 49, 'G5', 5),
(204, 49, 'G6', 4),
(205, 49, 'G7', 3),
(206, 49, 'G8', 4),
(207, 49, 'G9', 3),
(208, 49, 'G10', 3),
(209, 49, 'G11', 5),
(210, 49, 'G12', 5),
(211, 49, 'G13', 5),
(212, 49, 'G14', 4),
(213, 49, 'G15', 3),
(214, 49, 'G16', 3),
(215, 49, 'G17', 3),
(216, 49, 'G1', 3),
(217, 49, 'G2', 4),
(218, 49, 'G3', 3),
(219, 49, 'G4', 4),
(220, 49, 'G5', 5),
(221, 49, 'G6', 4),
(222, 49, 'G7', 3),
(223, 49, 'G8', 4),
(224, 49, 'G9', 3),
(225, 49, 'G10', 3),
(226, 49, 'G11', 5),
(227, 49, 'G12', 5),
(228, 49, 'G13', 5),
(229, 49, 'G14', 4),
(230, 49, 'G15', 3),
(231, 49, 'G16', 3),
(232, 49, 'G17', 0),
(233, 50, 'G1', 3),
(234, 50, 'G2', 4),
(235, 50, 'G3', 3),
(236, 50, 'G4', 4),
(237, 50, 'G5', 0),
(238, 50, 'G6', 0),
(239, 50, 'G7', 0),
(240, 50, 'G8', 0),
(241, 50, 'G9', 3),
(242, 50, 'G10', 0),
(243, 50, 'G11', 5),
(244, 50, 'G12', 0),
(245, 50, 'G13', 0),
(246, 50, 'G14', 0),
(247, 50, 'G15', 0),
(248, 50, 'G16', 0),
(249, 50, 'G17', 0),
(250, 51, 'G1', 3),
(251, 51, 'G2', 4),
(252, 51, 'G3', 3),
(253, 51, 'G4', 0),
(254, 51, 'G5', 0),
(255, 51, 'G6', 0),
(256, 51, 'G7', 3),
(257, 51, 'G8', 4),
(258, 51, 'G9', 3),
(259, 51, 'G10', 0),
(260, 51, 'G11', 0),
(261, 51, 'G12', 5),
(262, 51, 'G13', 5),
(263, 51, 'G14', 0),
(264, 51, 'G15', 0),
(265, 51, 'G16', 3),
(266, 51, 'G17', 3),
(267, 52, 'G1', 3),
(268, 52, 'G2', 4),
(269, 52, 'G3', 0),
(270, 52, 'G4', 4),
(271, 52, 'G5', 5),
(272, 52, 'G6', 0),
(273, 52, 'G7', 3),
(274, 52, 'G8', 0),
(275, 52, 'G9', 3),
(276, 52, 'G10', 3),
(277, 52, 'G11', 0),
(278, 52, 'G12', 0),
(279, 52, 'G13', 0),
(280, 52, 'G14', 0),
(281, 52, 'G15', 3),
(282, 52, 'G16', 3),
(283, 52, 'G17', 3),
(284, 53, 'G1', 11),
(285, 53, 'G2', 11),
(286, 53, 'G3', 19),
(287, 53, 'G4', 22),
(288, 53, 'G5', 12),
(289, 53, 'G6', 28),
(290, 53, 'G7', 28),
(291, 53, 'G8', 8),
(292, 53, 'G9', 9),
(293, 53, 'G10', 53),
(294, 53, 'G11', 21),
(295, 53, 'G12', 22),
(296, 53, 'G13', 53),
(297, 53, 'G14', 11),
(298, 53, 'G15', 15),
(299, 53, 'G16', 22),
(300, 53, 'G17', 11),
(301, 53, 'G18', 16),
(302, 53, 'G19', 22),
(303, 53, 'G20', 22),
(304, 53, 'G21', 22),
(305, 53, 'G22', 14),
(306, 53, 'G23', 50),
(307, 53, 'G24', 28),
(308, 54, 'G1', 0),
(309, 54, 'G2', 0),
(310, 54, 'G3', 0),
(311, 54, 'G4', 0),
(312, 54, 'G5', 0),
(313, 54, 'G6', 0),
(314, 54, 'G7', 0),
(315, 54, 'G8', 0),
(316, 54, 'G9', 0),
(317, 54, 'G10', 0),
(318, 54, 'G11', 0),
(319, 54, 'G12', 0),
(320, 54, 'G13', 0),
(321, 54, 'G14', 0),
(322, 54, 'G15', 0),
(323, 54, 'G16', 0),
(324, 54, 'G17', 0),
(325, 54, 'G18', 0),
(326, 54, 'G19', 0),
(327, 54, 'G20', 0),
(328, 54, 'G21', 0),
(329, 54, 'G22', 0),
(330, 54, 'G23', 0),
(331, 54, 'G24', 0),
(332, 55, 'G1', 11),
(333, 55, 'G2', 5),
(334, 55, 'G3', 9),
(335, 55, 'G4', 0),
(336, 55, 'G5', 0),
(337, 55, 'G6', 0),
(338, 55, 'G7', 7),
(339, 55, 'G8', 0),
(340, 55, 'G9', 0),
(341, 55, 'G10', 0),
(342, 55, 'G11', 0),
(343, 55, 'G12', 0),
(344, 55, 'G13', 0),
(345, 55, 'G14', 0),
(346, 55, 'G15', 0),
(347, 55, 'G16', 0),
(348, 55, 'G17', 0),
(349, 55, 'G18', 0),
(350, 55, 'G19', 0),
(351, 55, 'G20', 0),
(352, 55, 'G21', 0),
(353, 55, 'G22', 0),
(354, 55, 'G23', 0),
(355, 55, 'G24', 0),
(356, 56, 'G1', 0),
(357, 56, 'G2', 0),
(358, 56, 'G3', 0),
(359, 56, 'G4', 0),
(360, 56, 'G5', 0),
(361, 56, 'G6', 0),
(362, 56, 'G7', 7),
(363, 56, 'G8', 0),
(364, 56, 'G9', 9),
(365, 56, 'G10', 0),
(366, 56, 'G11', 10),
(367, 56, 'G12', 22),
(368, 56, 'G13', 21),
(369, 56, 'G14', 0),
(370, 56, 'G15', 0),
(371, 56, 'G16', 0),
(372, 56, 'G17', 0),
(373, 56, 'G18', 0),
(374, 56, 'G19', 0),
(375, 56, 'G20', 0),
(376, 56, 'G21', 0),
(377, 56, 'G22', 0),
(378, 56, 'G23', 0),
(379, 56, 'G24', 0),
(380, 57, 'G1', 5),
(381, 57, 'G2', 11),
(382, 57, 'G3', 19),
(383, 57, 'G4', 22),
(384, 57, 'G5', 12),
(385, 57, 'G6', 0),
(386, 57, 'G7', 0),
(387, 57, 'G8', 0),
(388, 57, 'G9', 0),
(389, 57, 'G10', 0),
(390, 57, 'G11', 0),
(391, 57, 'G12', 0),
(392, 57, 'G13', 0),
(393, 57, 'G14', 0),
(394, 57, 'G15', 0),
(395, 57, 'G16', 0),
(396, 57, 'G17', 0),
(397, 57, 'G18', 0),
(398, 57, 'G19', 0),
(399, 57, 'G20', 0),
(400, 57, 'G21', 0),
(401, 57, 'G22', 0),
(402, 57, 'G23', 0),
(403, 57, 'G24', 0),
(404, 58, 'G1', 0),
(405, 58, 'G2', 0),
(406, 58, 'G3', 19),
(407, 58, 'G4', 0),
(408, 58, 'G5', 0),
(409, 58, 'G6', 0),
(410, 58, 'G7', 0),
(411, 58, 'G8', 0),
(412, 58, 'G9', 0),
(413, 58, 'G10', 0),
(414, 58, 'G11', 0),
(415, 58, 'G12', 0),
(416, 58, 'G13', 0),
(417, 58, 'G14', 0),
(418, 58, 'G15', 0),
(419, 58, 'G16', 0),
(420, 58, 'G17', 0),
(421, 58, 'G18', 0),
(422, 58, 'G19', 22),
(423, 58, 'G20', 22),
(424, 58, 'G21', 22),
(425, 58, 'G22', 14),
(426, 58, 'G23', 0),
(427, 58, 'G24', 0),
(428, 59, 'G1', 0),
(429, 59, 'G2', 0),
(430, 59, 'G3', 0),
(431, 59, 'G4', 22),
(432, 59, 'G5', 0),
(433, 59, 'G6', 0),
(434, 59, 'G7', 0),
(435, 59, 'G8', 0),
(436, 59, 'G9', 0),
(437, 59, 'G10', 0),
(438, 59, 'G11', 0),
(439, 59, 'G12', 0),
(440, 59, 'G13', 0),
(441, 59, 'G14', 0),
(442, 59, 'G15', 0),
(443, 59, 'G16', 0),
(444, 59, 'G17', 0),
(445, 59, 'G18', 0),
(446, 59, 'G19', 0),
(447, 59, 'G20', 11),
(448, 59, 'G21', 11),
(449, 59, 'G22', 7),
(450, 59, 'G23', 0),
(451, 59, 'G24', 0),
(452, 60, 'G1', 0),
(453, 60, 'G2', 0),
(454, 60, 'G3', 0),
(455, 60, 'G4', 14),
(456, 60, 'G5', 0),
(457, 60, 'G6', 0),
(458, 60, 'G7', 0),
(459, 60, 'G8', 0),
(460, 60, 'G9', 0),
(461, 60, 'G10', 0),
(462, 60, 'G11', 0),
(463, 60, 'G12', 0),
(464, 60, 'G13', 0),
(465, 60, 'G14', 0),
(466, 60, 'G15', 0),
(467, 60, 'G16', 0),
(468, 60, 'G17', 0),
(469, 60, 'G18', 0),
(470, 60, 'G19', 0),
(471, 60, 'G20', 0),
(472, 60, 'G21', 0),
(473, 60, 'G22', 14),
(474, 60, 'G23', 0),
(475, 60, 'G24', 0),
(476, 61, 'G1', 11),
(477, 61, 'G2', 0),
(478, 61, 'G3', 9),
(479, 61, 'G4', 0),
(480, 61, 'G5', 0),
(481, 61, 'G6', 0),
(482, 61, 'G7', 0),
(483, 61, 'G8', 0),
(484, 61, 'G9', 9),
(485, 61, 'G10', 0),
(486, 61, 'G11', 0),
(487, 61, 'G12', 22),
(488, 61, 'G13', 0),
(489, 61, 'G14', 11),
(490, 61, 'G15', 15),
(491, 61, 'G16', 0),
(492, 61, 'G17', 0),
(493, 61, 'G18', 16),
(494, 61, 'G19', 0),
(495, 61, 'G20', 0),
(496, 61, 'G21', 0),
(497, 61, 'G22', 0),
(498, 61, 'G23', 0),
(499, 61, 'G24', 0),
(500, 62, 'G1', 5),
(501, 62, 'G2', 0),
(502, 62, 'G3', 19),
(503, 62, 'G4', 0),
(504, 62, 'G5', 12),
(505, 62, 'G6', 0),
(506, 62, 'G7', 0),
(507, 62, 'G8', 0),
(508, 62, 'G9', 0),
(509, 62, 'G10', 0),
(510, 62, 'G11', 21),
(511, 62, 'G12', 0),
(512, 62, 'G13', 0),
(513, 62, 'G14', 0),
(514, 62, 'G15', 10),
(515, 62, 'G16', 0),
(516, 62, 'G17', 0),
(517, 62, 'G18', 0),
(518, 62, 'G19', 0),
(519, 62, 'G20', 0),
(520, 62, 'G21', 0),
(521, 62, 'G22', 0),
(522, 62, 'G23', 0),
(523, 62, 'G24', 0),
(524, 63, 'G1', 11),
(525, 63, 'G2', 0),
(526, 63, 'G3', 0),
(527, 63, 'G4', 14),
(528, 63, 'G5', 0),
(529, 63, 'G6', 0),
(530, 63, 'G7', 0),
(531, 63, 'G8', 0),
(532, 63, 'G9', 0),
(533, 63, 'G10', 0),
(534, 63, 'G11', 0),
(535, 63, 'G12', 0),
(536, 63, 'G13', 0),
(537, 63, 'G14', 0),
(538, 63, 'G15', 10),
(539, 63, 'G16', 0),
(540, 63, 'G17', 11),
(541, 63, 'G18', 0),
(542, 63, 'G19', 0),
(543, 63, 'G20', 0),
(544, 63, 'G21', 0),
(545, 63, 'G22', 0),
(546, 63, 'G23', 0),
(547, 63, 'G24', 28),
(548, 64, 'G1', 5),
(549, 64, 'G2', 0),
(550, 64, 'G3', 19),
(551, 64, 'G4', 22),
(552, 64, 'G5', 5),
(553, 64, 'G6', 7),
(554, 64, 'G7', 0),
(555, 64, 'G8', 0),
(556, 64, 'G9', 0),
(557, 64, 'G10', 0),
(558, 64, 'G11', 0),
(559, 64, 'G12', 0),
(560, 64, 'G13', 0),
(561, 64, 'G14', 0),
(562, 64, 'G15', 10),
(563, 64, 'G16', 0),
(564, 64, 'G17', 5),
(565, 64, 'G18', 0),
(566, 64, 'G19', 0),
(567, 64, 'G20', 0),
(568, 64, 'G21', 0),
(569, 64, 'G22', 0),
(570, 64, 'G23', 0),
(571, 64, 'G24', 0),
(572, 66, 'G1', 0),
(573, 66, 'G2', 0),
(574, 66, 'G3', 9),
(575, 66, 'G4', 0),
(576, 66, 'G5', 0),
(577, 66, 'G6', 0),
(578, 66, 'G7', 0),
(579, 66, 'G8', 0),
(580, 66, 'G9', 0),
(581, 66, 'G10', 0),
(582, 66, 'G11', 0),
(583, 66, 'G12', 0),
(584, 66, 'G13', 0),
(585, 66, 'G14', 0),
(586, 66, 'G15', 0),
(587, 66, 'G16', 0),
(588, 66, 'G17', 0),
(589, 66, 'G18', 0),
(590, 66, 'G19', 0),
(591, 66, 'G20', 0),
(592, 66, 'G21', 11),
(593, 66, 'G22', 0),
(594, 66, 'G23', 0),
(595, 66, 'G24', 0),
(596, 67, 'G1', 11),
(597, 67, 'G2', 11),
(598, 67, 'G3', 0),
(599, 67, 'G4', 22),
(600, 67, 'G5', 5),
(601, 67, 'G6', 7),
(602, 67, 'G7', 28),
(603, 67, 'G8', 8),
(604, 67, 'G9', 3),
(605, 67, 'G10', 21),
(606, 67, 'G11', 0),
(607, 67, 'G12', 0),
(608, 67, 'G13', 0),
(609, 67, 'G14', 0),
(610, 67, 'G15', 0),
(611, 67, 'G16', 22),
(612, 67, 'G17', 11),
(613, 67, 'G18', 16),
(614, 67, 'G19', 0),
(615, 67, 'G20', 0),
(616, 67, 'G21', 0),
(617, 67, 'G22', 0),
(618, 67, 'G23', 50),
(619, 67, 'G24', 11);

-- --------------------------------------------------------

--
-- Table structure for table `tb_diagnosa`
--

CREATE TABLE `tb_diagnosa` (
  `id_diagnosa` int(5) NOT NULL,
  `tanggal` date NOT NULL,
  `id_pasien` int(5) NOT NULL,
  `id_penyakit` varchar(3) NOT NULL
) ENGINE=InnoDB DEFAULT CHARSET=utf8mb4;

--
-- Dumping data for table `tb_diagnosa`
--

INSERT INTO `tb_diagnosa` (`id_diagnosa`, `tanggal`, `id_pasien`, `id_penyakit`) VALUES
(11, '2020-05-26', 39, 'P02'),
(16, '2020-05-26', 40, 'P01'),
(22, '2020-05-27', 41, 'P02'),
(23, '2020-05-27', 33, 'P02'),
(24, '2020-05-27', 33, 'P02'),
(25, '2020-05-27', 35, 'P02'),
(26, '2020-05-27', 33, 'P02'),
(27, '2020-05-27', 41, 'P02'),
(28, '2020-05-27', 41, 'P02'),
(29, '2020-05-27', 46, 'P01'),
(30, '2020-05-30', 49, 'P01'),
(31, '2020-05-30', 49, 'P01'),
(32, '2020-05-30', 49, 'P01'),
(33, '2020-05-30', 49, 'P01'),
(34, '2020-05-30', 49, 'P01'),
(35, '2020-05-30', 49, 'P01'),
(36, '2020-05-30', 49, 'P01'),
(37, '2020-05-30', 49, 'P01'),
(38, '2020-05-30', 49, 'P01'),
(39, '2020-05-30', 49, 'P01'),
(40, '2020-05-30', 49, 'P01'),
(41, '2020-05-30', 49, 'P01'),
(42, '2020-05-30', 49, 'P01'),
(43, '2020-05-30', 49, 'P01'),
(44, '2020-05-30', 49, 'P01'),
(45, '2020-05-30', 49, 'P01'),
(46, '2020-05-30', 49, 'P01'),
(47, '2020-06-07', 50, 'P02'),
(48, '2020-06-12', 51, 'P02'),
(49, '2020-06-12', 51, 'P02'),
(50, '2020-06-16', 52, 'P02'),
(51, '2020-06-21', 53, 'P01'),
(52, '2020-06-21', 54, 'P01'),
(53, '2020-06-21', 54, 'P01'),
(54, '2020-06-21', 55, 'P01'),
(55, '2020-06-21', 56, 'P03'),
(56, '2020-06-21', 57, 'P01'),
(57, '2020-06-21', 58, 'P02'),
(58, '2020-06-21', 59, 'P02'),
(59, '2020-06-21', 60, 'P02'),
(60, '2020-06-21', 61, 'P03'),
(61, '2020-06-21', 62, 'P03'),
(62, '2020-06-21', 63, 'P04'),
(63, '2020-06-21', 64, 'P04'),
(64, '2020-06-24', 66, 'P02'),
(65, '2020-06-25', 66, 'P02'),
(66, '2020-06-25', 67, 'P01'),
(67, '2020-06-25', 67, 'P01'),
(68, '2020-06-25', 67, 'P01');

-- --------------------------------------------------------

--
-- Table structure for table `tb_gejala`
--

CREATE TABLE `tb_gejala` (
  `id_gejala` varchar(5) NOT NULL,
  `nama_gejala` varchar(50) NOT NULL
) ENGINE=InnoDB DEFAULT CHARSET=utf8mb4;

--
-- Dumping data for table `tb_gejala`
--

INSERT INTO `tb_gejala` (`id_gejala`, `nama_gejala`) VALUES
('G1', 'Nyeri pada punggung'),
('G10', 'Diare'),
('G11', 'Sembelit'),
('G12', 'Mual'),
('G13', 'pendarahan diluar jadwal menstruasi'),
('G14', 'Pertumbuhan rambut tidak normal'),
('G15', 'Rambut rontok'),
('G16', 'Kelebihan Berat badan atau obesitas'),
('G17', 'Tumbuh jerawat'),
('G18', 'Mudah Kenyang'),
('G19', 'Pertumbuhan rambut tidak normal'),
('G2', 'Nyeri Haid'),
('G20', 'Rambut rontok'),
('G21', 'Kelebihan Berat badan atau obesitas'),
('G22', 'Tumbuh jerawat'),
('G23', 'Keputihan yang tidak normal'),
('G24', 'Kaki Bengkak atau sakit'),
('G3', 'Menstruasi tidak teratur'),
('G4', 'Pendarahan yang berlebihan'),
('G5', 'Rasa sakit saat berhubungan seksual'),
('G6', 'Nyeri saat BAB dan BAK'),
('G7', 'Terdapat darah pada urin dan feses'),
('G8', 'Susah Hamil'),
('G9', 'Kembung');

-- --------------------------------------------------------

--
-- Table structure for table `tb_pasien`
--

CREATE TABLE `tb_pasien` (
  `id_pasien` int(5) NOT NULL,
  `nama_pasien` varchar(30) NOT NULL,
  `umur` int(3) NOT NULL
) ENGINE=InnoDB DEFAULT CHARSET=utf8mb4;

--
-- Dumping data for table `tb_pasien`
--

INSERT INTO `tb_pasien` (`id_pasien`, `nama_pasien`, `umur`) VALUES
(2, 'Salsa', 12),
(3, 'Audria', 13),
(4, 'Bila', 14),
(5, 'Hafshah', 20),
(6, 'Ayla', 13),
(7, 'Bila', 13),
(8, '', 0),
(9, 'Audria', 12),
(10, 'Audria', 12),
(11, 'Audria', 12),
(12, 'Bila', 13),
(13, 'Bila', 13),
(14, 'Audria', 12),
(15, 'Hafshah', 12),
(16, 'Audria', 12),
(17, 'Audria', 13),
(18, 'Audria', 12),
(19, 'Ayla', 13),
(20, 'Ayla', 13),
(21, 'Bila', 13),
(22, 'Ayla', 12),
(23, 'Audria', 20),
(24, 'Audria', 20),
(25, 'Ayla', 12),
(26, 'Ayla', 12),
(27, 'Audria', 12),
(28, 'Test', 10),
(29, 'Kekeyi', 19),
(30, 'Audria', 10),
(31, 'Audria', 10),
(32, 'Audria', 12),
(33, 'Ayla', 12),
(34, 'Audria', 12),
(35, 'Audria', 12),
(36, 'Audria', 14),
(37, 'Audria', 15),
(38, 'Audria', 16),
(39, 'Audria', 16),
(40, 'Audria', 16),
(41, 'Ayla', 12),
(42, '', 0),
(43, 'Audria', 12),
(44, 'Audria', 12),
(45, 'Audria', 14),
(46, 'Ayla', 13),
(47, '', 0),
(48, 'Bila', 13),
(49, 'Hafshah', 15),
(50, 'Salsa', 14),
(51, 'Bila', 14),
(52, 'Fransiska', 22),
(53, 'Fransiska', 13),
(54, 'Audria', 14),
(55, 'Asih', 43),
(56, 'Ami', 34),
(57, 'Anti', 32),
(58, 'Pipin', 30),
(59, 'Ninik ', 30),
(60, 'Indah', 37),
(61, 'Rara', 20),
(62, 'Riris', 17),
(63, 'Faiza', 17),
(64, 'Kezia', 21),
(65, 'Ade', 14),
(66, 'Dinda', 51),
(67, 'tiara', 27);

-- --------------------------------------------------------

--
-- Table structure for table `tb_penyakit`
--

CREATE TABLE `tb_penyakit` (
  `id_penyakit` varchar(3) NOT NULL,
  `nama_penyakit` varchar(15) NOT NULL,
  `solusi_penyakit` text NOT NULL
) ENGINE=InnoDB DEFAULT CHARSET=utf8mb4;

--
-- Dumping data for table `tb_penyakit`
--

INSERT INTO `tb_penyakit` (`id_penyakit`, `nama_penyakit`, `solusi_penyakit`) VALUES
('P01', 'Endometriosis', 'Terapi, pengobatan'),
('P02', 'PCOS', 'pengobatan, peraturan diet, olahraga'),
('P03', 'Kanker Serviks', 'Operasi, Radiasi, Kemoterapi'),
('P04', 'Kanker Ovarium', 'Operasi, Kemoterapi');

-- --------------------------------------------------------

--
-- Table structure for table `tb_user`
--

CREATE TABLE `tb_user` (
  `id_user` int(11) NOT NULL,
  `username` varchar(30) NOT NULL,
  `password` varchar(50) NOT NULL,
  `level` int(1) NOT NULL
) ENGINE=InnoDB DEFAULT CHARSET=utf8mb4;

--
-- Dumping data for table `tb_user`
--

INSERT INTO `tb_user` (`id_user`, `username`, `password`, `level`) VALUES
(1, 'audriasalsa', '202cb962ac59075b964b07152d234b70', 2),
(5, 'adr', '202cb962ac59075b964b07152d234b70', 2),
(6, 'aylafada', 'd9b1d7db4cd6e70935368a1efb10e377', 2),
(7, 'audriasalsaa', '202cb962ac59075b964b07152d234b70', 1);

--
-- Indexes for dumped tables
--

--
-- Indexes for table `tb_datalatih`
--
ALTER TABLE `tb_datalatih`
  ADD PRIMARY KEY (`id_datalatih`),
  ADD KEY `id_gejala` (`id_gejala`),
  ADD KEY `id_pasien` (`id_pasien`),
  ADD KEY `id_penyakit` (`id_penyakit`);

--
-- Indexes for table `tb_datauji`
--
ALTER TABLE `tb_datauji`
  ADD PRIMARY KEY (`id_datauji`),
  ADD KEY `id_gejala` (`id_gejala`),
  ADD KEY `id_pasien` (`id_pasien`);

--
-- Indexes for table `tb_diagnosa`
--
ALTER TABLE `tb_diagnosa`
  ADD PRIMARY KEY (`id_diagnosa`),
  ADD KEY `id_pasien` (`id_pasien`),
  ADD KEY `id_penyakit` (`id_penyakit`);

--
-- Indexes for table `tb_gejala`
--
ALTER TABLE `tb_gejala`
  ADD PRIMARY KEY (`id_gejala`);

--
-- Indexes for table `tb_pasien`
--
ALTER TABLE `tb_pasien`
  ADD PRIMARY KEY (`id_pasien`);

--
-- Indexes for table `tb_penyakit`
--
ALTER TABLE `tb_penyakit`
  ADD PRIMARY KEY (`id_penyakit`);

--
-- Indexes for table `tb_user`
--
ALTER TABLE `tb_user`
  ADD PRIMARY KEY (`id_user`),
  ADD UNIQUE KEY `username` (`username`);

--
-- AUTO_INCREMENT for dumped tables
--

--
-- AUTO_INCREMENT for table `tb_datalatih`
--
ALTER TABLE `tb_datalatih`
  MODIFY `id_datalatih` int(5) NOT NULL AUTO_INCREMENT, AUTO_INCREMENT=4288;

--
-- AUTO_INCREMENT for table `tb_datauji`
--
ALTER TABLE `tb_datauji`
  MODIFY `id_datauji` int(5) NOT NULL AUTO_INCREMENT, AUTO_INCREMENT=620;

--
-- AUTO_INCREMENT for table `tb_diagnosa`
--
ALTER TABLE `tb_diagnosa`
  MODIFY `id_diagnosa` int(5) NOT NULL AUTO_INCREMENT, AUTO_INCREMENT=69;

--
-- AUTO_INCREMENT for table `tb_pasien`
--
ALTER TABLE `tb_pasien`
  MODIFY `id_pasien` int(5) NOT NULL AUTO_INCREMENT, AUTO_INCREMENT=68;

--
-- AUTO_INCREMENT for table `tb_user`
--
ALTER TABLE `tb_user`
  MODIFY `id_user` int(11) NOT NULL AUTO_INCREMENT, AUTO_INCREMENT=8;

--
-- Constraints for dumped tables
--

--
-- Constraints for table `tb_datalatih`
--
ALTER TABLE `tb_datalatih`
  ADD CONSTRAINT `tb_datalatih_ibfk_1` FOREIGN KEY (`id_gejala`) REFERENCES `tb_gejala` (`id_gejala`),
  ADD CONSTRAINT `tb_datalatih_ibfk_2` FOREIGN KEY (`id_pasien`) REFERENCES `tb_pasien` (`id_pasien`),
  ADD CONSTRAINT `tb_datalatih_ibfk_3` FOREIGN KEY (`id_penyakit`) REFERENCES `tb_penyakit` (`id_penyakit`);

--
-- Constraints for table `tb_datauji`
--
ALTER TABLE `tb_datauji`
  ADD CONSTRAINT `tb_datauji_ibfk_1` FOREIGN KEY (`id_gejala`) REFERENCES `tb_gejala` (`id_gejala`),
  ADD CONSTRAINT `tb_datauji_ibfk_2` FOREIGN KEY (`id_pasien`) REFERENCES `tb_pasien` (`id_pasien`);

--
-- Constraints for table `tb_diagnosa`
--
ALTER TABLE `tb_diagnosa`
  ADD CONSTRAINT `tb_diagnosa_ibfk_1` FOREIGN KEY (`id_pasien`) REFERENCES `tb_pasien` (`id_pasien`),
  ADD CONSTRAINT `tb_diagnosa_ibfk_2` FOREIGN KEY (`id_penyakit`) REFERENCES `tb_penyakit` (`id_penyakit`);
COMMIT;

/*!40101 SET CHARACTER_SET_CLIENT=@OLD_CHARACTER_SET_CLIENT */;
/*!40101 SET CHARACTER_SET_RESULTS=@OLD_CHARACTER_SET_RESULTS */;
/*!40101 SET COLLATION_CONNECTION=@OLD_COLLATION_CONNECTION */;
