-- phpMyAdmin SQL Dump
-- version 4.9.1
-- https://www.phpmyadmin.net/
--
-- Host: 127.0.0.1
-- Generation Time: Jul 02, 2020 at 06:16 AM
-- Server version: 10.4.8-MariaDB
-- PHP Version: 7.1.32

SET SQL_MODE = "NO_AUTO_VALUE_ON_ZERO";
SET AUTOCOMMIT = 0;
START TRANSACTION;
SET time_zone = "+00:00";


/*!40101 SET @OLD_CHARACTER_SET_CLIENT=@@CHARACTER_SET_CLIENT */;
/*!40101 SET @OLD_CHARACTER_SET_RESULTS=@@CHARACTER_SET_RESULTS */;
/*!40101 SET @OLD_COLLATION_CONNECTION=@@COLLATION_CONNECTION */;
/*!40101 SET NAMES utf8mb4 */;

--
-- Database: `pakar`
--

-- --------------------------------------------------------

--
-- Table structure for table `tb_datalatih`
--

CREATE TABLE `tb_datalatih` (
  `id_datalatih` int(5) NOT NULL,
  `id_pasien` int(5) NOT NULL,
  `id_gejala` varchar(5) NOT NULL,
  `nilai` int(3) NOT NULL,
  `id_penyakit` varchar(3) NOT NULL
) ENGINE=InnoDB DEFAULT CHARSET=utf8mb4;

--
-- Dumping data for table `tb_datalatih`
--

INSERT INTO `tb_datalatih` (`id_datalatih`, `id_pasien`, `id_gejala`, `nilai`, `id_penyakit`) VALUES
(4288, 2, 'G1', 11, 'P01'),
(4289, 2, 'G2', 5, 'P01'),
(4290, 2, 'G3', 9, 'P01'),
(4291, 2, 'G4', 0, 'P01'),
(4292, 2, 'G5', 0, 'P01'),
(4293, 2, 'G6', 0, 'P01'),
(4294, 2, 'G7', 7, 'P01'),
(4295, 2, 'G8', 0, 'P01'),
(4296, 2, 'G9', 0, 'P01'),
(4297, 2, 'G10', 0, 'P01'),
(4298, 2, 'G11', 0, 'P01'),
(4299, 2, 'G12', 0, 'P01'),
(4300, 2, 'G13', 0, 'P01'),
(4301, 2, 'G14', 0, 'P01'),
(4302, 2, 'G15', 0, 'P01'),
(4303, 2, 'G16', 0, 'P01'),
(4304, 2, 'G17', 0, 'P01'),
(4305, 2, 'G18', 0, 'P01'),
(4306, 2, 'G19', 0, 'P01'),
(4307, 2, 'G20', 0, 'P01'),
(4308, 2, 'G21', 0, 'P01'),
(4309, 2, 'G22', 0, 'P01'),
(4310, 2, 'G23', 0, 'P01'),
(4311, 2, 'G24', 0, 'P01'),
(4312, 3, 'G1', 5, 'P01'),
(4313, 3, 'G2', 11, 'P01'),
(4314, 3, 'G3', 19, 'P01'),
(4315, 3, 'G4', 22, 'P01'),
(4316, 3, 'G5', 12, 'P01'),
(4317, 3, 'G6', 0, 'P01'),
(4318, 3, 'G7', 0, 'P01'),
(4319, 3, 'G8', 0, 'P01'),
(4320, 3, 'G9', 0, 'P01'),
(4321, 3, 'G10', 0, 'P01'),
(4322, 3, 'G11', 0, 'P01'),
(4323, 3, 'G12', 0, 'P01'),
(4324, 3, 'G13', 0, 'P01'),
(4325, 3, 'G14', 0, 'P01'),
(4326, 3, 'G15', 0, 'P01'),
(4327, 3, 'G16', 0, 'P01'),
(4328, 3, 'G17', 0, 'P01'),
(4329, 3, 'G18', 0, 'P01'),
(4330, 3, 'G19', 0, 'P01'),
(4331, 3, 'G20', 0, 'P01'),
(4332, 3, 'G21', 0, 'P01'),
(4333, 3, 'G22', 0, 'P01'),
(4334, 3, 'G23', 0, 'P01'),
(4335, 3, 'G24', 0, 'P01'),
(4336, 4, 'G1', 0, 'P01'),
(4337, 4, 'G2', 0, 'P01'),
(4338, 4, 'G3', 19, 'P01'),
(4339, 4, 'G4', 0, 'P01'),
(4340, 4, 'G5', 5, 'P01'),
(4341, 4, 'G6', 7, 'P01'),
(4342, 4, 'G7', 0, 'P01'),
(4343, 4, 'G8', 0, 'P01'),
(4344, 4, 'G9', 0, 'P01'),
(4345, 4, 'G10', 0, 'P01'),
(4346, 4, 'G11', 0, 'P01'),
(4347, 4, 'G12', 0, 'P01'),
(4348, 4, 'G13', 53, 'P01'),
(4349, 4, 'G14', 0, 'P01'),
(4350, 4, 'G15', 0, 'P01'),
(4351, 4, 'G16', 0, 'P01'),
(4352, 4, 'G17', 0, 'P01'),
(4353, 4, 'G18', 0, 'P01'),
(4354, 4, 'G19', 0, 'P01'),
(4355, 4, 'G20', 0, 'P01'),
(4356, 4, 'G21', 0, 'P01'),
(4357, 4, 'G22', 0, 'P01'),
(4358, 4, 'G23', 0, 'P01'),
(4359, 4, 'G24', 0, 'P01'),
(4360, 5, 'G1', 0, 'P01'),
(4361, 5, 'G2', 0, 'P01'),
(4362, 5, 'G3', 0, 'P01'),
(4363, 5, 'G4', 14, 'P01'),
(4364, 5, 'G5', 0, 'P01'),
(4365, 5, 'G6', 28, 'P01'),
(4366, 5, 'G7', 0, 'P01'),
(4367, 5, 'G8', 4, 'P01'),
(4368, 5, 'G9', 3, 'P01'),
(4369, 5, 'G10', 0, 'P01'),
(4370, 5, 'G11', 0, 'P01'),
(4371, 5, 'G12', 0, 'P01'),
(4372, 5, 'G13', 0, 'P01'),
(4373, 5, 'G14', 0, 'P01'),
(4374, 5, 'G15', 0, 'P01'),
(4375, 5, 'G16', 0, 'P01'),
(4376, 5, 'G17', 0, 'P01'),
(4377, 5, 'G18', 0, 'P01'),
(4378, 5, 'G19', 0, 'P01'),
(4379, 5, 'G20', 0, 'P01'),
(4380, 5, 'G21', 0, 'P01'),
(4381, 5, 'G22', 0, 'P01'),
(4382, 5, 'G23', 0, 'P01'),
(4383, 5, 'G24', 0, 'P01'),
(4384, 6, 'G1', 0, 'P01'),
(4385, 6, 'G2', 0, 'P01'),
(4386, 6, 'G3', 0, 'P01'),
(4387, 6, 'G4', 0, 'P01'),
(4388, 6, 'G5', 0, 'P01'),
(4389, 6, 'G6', 0, 'P01'),
(4390, 6, 'G7', 0, 'P01'),
(4391, 6, 'G8', 8, 'P01'),
(4392, 6, 'G9', 9, 'P01'),
(4393, 6, 'G10', 53, 'P01'),
(4394, 6, 'G11', 21, 'P01'),
(4395, 6, 'G12', 0, 'P01'),
(4396, 6, 'G13', 0, 'P01'),
(4397, 6, 'G14', 0, 'P01'),
(4398, 6, 'G15', 0, 'P01'),
(4399, 6, 'G16', 0, 'P01'),
(4400, 6, 'G17', 0, 'P01'),
(4401, 6, 'G18', 0, 'P01'),
(4402, 6, 'G19', 0, 'P01'),
(4403, 6, 'G20', 0, 'P01'),
(4404, 6, 'G21', 0, 'P01'),
(4405, 6, 'G22', 0, 'P01'),
(4406, 6, 'G23', 0, 'P01'),
(4407, 6, 'G24', 0, 'P01'),
(4408, 7, 'G1', 5, 'P01'),
(4409, 7, 'G2', 5, 'P01'),
(4410, 7, 'G3', 0, 'P01'),
(4411, 7, 'G4', 0, 'P01'),
(4412, 7, 'G5', 0, 'P01'),
(4413, 7, 'G6', 0, 'P01'),
(4414, 7, 'G7', 28, 'P01'),
(4415, 7, 'G8', 0, 'P01'),
(4416, 7, 'G9', 0, 'P01'),
(4417, 7, 'G10', 21, 'P01'),
(4418, 7, 'G11', 10, 'P01'),
(4419, 7, 'G12', 14, 'P01'),
(4420, 7, 'G13', 0, 'P01'),
(4421, 7, 'G14', 0, 'P01'),
(4422, 7, 'G15', 0, 'P01'),
(4423, 7, 'G16', 0, 'P01'),
(4424, 7, 'G17', 0, 'P01'),
(4425, 7, 'G18', 0, 'P01'),
(4426, 7, 'G19', 0, 'P01'),
(4427, 7, 'G20', 0, 'P01'),
(4428, 7, 'G21', 0, 'P01'),
(4429, 7, 'G22', 0, 'P01'),
(4430, 7, 'G23', 0, 'P01'),
(4431, 7, 'G24', 0, 'P01'),
(4432, 8, 'G1', 0, 'P02'),
(4433, 8, 'G2', 0, 'P02'),
(4434, 8, 'G3', 19, 'P02'),
(4435, 8, 'G4', 0, 'P02'),
(4436, 8, 'G5', 0, 'P02'),
(4437, 8, 'G6', 0, 'P02'),
(4438, 8, 'G7', 0, 'P02'),
(4439, 8, 'G8', 0, 'P02'),
(4440, 8, 'G9', 0, 'P02'),
(4441, 8, 'G10', 0, 'P02'),
(4442, 8, 'G11', 0, 'P02'),
(4443, 8, 'G12', 0, 'P02'),
(4444, 8, 'G13', 0, 'P02'),
(4445, 8, 'G14', 0, 'P02'),
(4446, 8, 'G15', 0, 'P02'),
(4447, 8, 'G16', 0, 'P02'),
(4448, 8, 'G17', 0, 'P02'),
(4449, 8, 'G18', 0, 'P02'),
(4450, 8, 'G19', 22, 'P02'),
(4451, 8, 'G20', 22, 'P02'),
(4452, 8, 'G21', 22, 'P02'),
(4453, 8, 'G22', 14, 'P02'),
(4454, 8, 'G23', 0, 'P02'),
(4455, 8, 'G24', 0, 'P02'),
(4456, 9, 'G1', 0, 'P02'),
(4457, 9, 'G2', 0, 'P02'),
(4458, 9, 'G3', 0, 'P02'),
(4459, 9, 'G4', 22, 'P02'),
(4460, 9, 'G5', 0, 'P02'),
(4461, 9, 'G6', 0, 'P02'),
(4462, 9, 'G7', 0, 'P02'),
(4463, 9, 'G8', 0, 'P02'),
(4464, 9, 'G9', 0, 'P02'),
(4465, 9, 'G10', 0, 'P02'),
(4466, 9, 'G11', 0, 'P02'),
(4467, 9, 'G12', 0, 'P02'),
(4468, 9, 'G13', 0, 'P02'),
(4469, 9, 'G14', 0, 'P02'),
(4470, 9, 'G15', 0, 'P02'),
(4471, 9, 'G16', 0, 'P02'),
(4472, 9, 'G17', 0, 'P02'),
(4473, 9, 'G18', 0, 'P02'),
(4474, 9, 'G19', 0, 'P02'),
(4475, 9, 'G20', 11, 'P02'),
(4476, 9, 'G21', 11, 'P02'),
(4477, 9, 'G22', 7, 'P02'),
(4478, 9, 'G23', 0, 'P02'),
(4479, 9, 'G24', 0, 'P02'),
(4480, 10, 'G1', 0, 'P02'),
(4481, 10, 'G2', 0, 'P02'),
(4482, 10, 'G3', 0, 'P02'),
(4483, 10, 'G4', 14, 'P02'),
(4484, 10, 'G5', 0, 'P02'),
(4485, 10, 'G6', 0, 'P02'),
(4486, 10, 'G7', 0, 'P02'),
(4487, 10, 'G8', 0, 'P02'),
(4488, 10, 'G9', 0, 'P02'),
(4489, 10, 'G10', 0, 'P02'),
(4490, 10, 'G11', 0, 'P02'),
(4491, 10, 'G12', 0, 'P02'),
(4492, 10, 'G13', 0, 'P02'),
(4493, 10, 'G14', 0, 'P02'),
(4494, 10, 'G15', 0, 'P02'),
(4495, 10, 'G16', 0, 'P02'),
(4496, 10, 'G17', 0, 'P02'),
(4497, 10, 'G18', 0, 'P02'),
(4498, 10, 'G19', 0, 'P02'),
(4499, 10, 'G20', 0, 'P02'),
(4500, 10, 'G21', 0, 'P02'),
(4501, 10, 'G22', 14, 'P02'),
(4502, 10, 'G23', 0, 'P02'),
(4503, 10, 'G24', 0, 'P02'),
(4504, 11, 'G1', 0, 'P02'),
(4505, 11, 'G2', 0, 'P02'),
(4506, 11, 'G3', 9, 'P02'),
(4507, 11, 'G4', 0, 'P02'),
(4508, 11, 'G5', 0, 'P02'),
(4509, 11, 'G6', 0, 'P02'),
(4510, 11, 'G7', 0, 'P02'),
(4511, 11, 'G8', 0, 'P02'),
(4512, 11, 'G9', 0, 'P02'),
(4513, 11, 'G10', 0, 'P02'),
(4514, 11, 'G11', 0, 'P02'),
(4515, 11, 'G12', 0, 'P02'),
(4516, 11, 'G13', 0, 'P02'),
(4517, 11, 'G14', 0, 'P02'),
(4518, 11, 'G15', 0, 'P02'),
(4519, 11, 'G16', 0, 'P02'),
(4520, 11, 'G17', 0, 'P02'),
(4521, 11, 'G18', 0, 'P02'),
(4522, 11, 'G19', 11, 'P02'),
(4523, 11, 'G20', 0, 'P02'),
(4524, 11, 'G21', 11, 'P02'),
(4525, 11, 'G22', 0, 'P02'),
(4526, 11, 'G23', 0, 'P02'),
(4527, 11, 'G24', 0, 'P02'),
(4528, 12, 'G1', 0, 'P02'),
(4529, 12, 'G2', 0, 'P02'),
(4530, 12, 'G3', 0, 'P02'),
(4531, 12, 'G4', 0, 'P02'),
(4532, 12, 'G5', 0, 'P02'),
(4533, 12, 'G6', 0, 'P02'),
(4534, 12, 'G7', 0, 'P02'),
(4535, 12, 'G8', 0, 'P02'),
(4536, 12, 'G9', 0, 'P02'),
(4537, 12, 'G10', 0, 'P02'),
(4538, 12, 'G11', 0, 'P02'),
(4539, 12, 'G12', 0, 'P02'),
(4540, 12, 'G13', 0, 'P02'),
(4541, 12, 'G14', 0, 'P02'),
(4542, 12, 'G15', 0, 'P02'),
(4543, 12, 'G16', 0, 'P02'),
(4544, 12, 'G17', 0, 'P02'),
(4545, 12, 'G18', 0, 'P02'),
(4546, 12, 'G19', 0, 'P02'),
(4547, 12, 'G20', 22, 'P02'),
(4548, 12, 'G21', 0, 'P02'),
(4549, 12, 'G22', 7, 'P02'),
(4550, 12, 'G23', 0, 'P02'),
(4551, 12, 'G24', 0, 'P02'),
(4552, 13, 'G1', 0, 'P02'),
(4553, 13, 'G2', 0, 'P02'),
(4554, 13, 'G3', 19, 'P02'),
(4555, 13, 'G4', 22, 'P02'),
(4556, 13, 'G5', 0, 'P02'),
(4557, 13, 'G6', 0, 'P02'),
(4558, 13, 'G7', 0, 'P02'),
(4559, 13, 'G8', 0, 'P02'),
(4560, 13, 'G9', 0, 'P02'),
(4561, 13, 'G10', 0, 'P02'),
(4562, 13, 'G11', 0, 'P02'),
(4563, 13, 'G12', 0, 'P02'),
(4564, 13, 'G13', 0, 'P02'),
(4565, 13, 'G14', 0, 'P02'),
(4566, 13, 'G15', 0, 'P02'),
(4567, 13, 'G16', 0, 'P02'),
(4568, 13, 'G17', 0, 'P02'),
(4569, 13, 'G18', 0, 'P02'),
(4570, 13, 'G19', 11, 'P02'),
(4571, 13, 'G20', 11, 'P02'),
(4572, 13, 'G21', 0, 'P02'),
(4573, 13, 'G22', 0, 'P02'),
(4574, 13, 'G23', 0, 'P02'),
(4575, 13, 'G24', 0, 'P02'),
(4576, 14, 'G1', 11, 'P03'),
(4577, 14, 'G2', 0, 'P03'),
(4578, 14, 'G3', 9, 'P03'),
(4579, 14, 'G4', 0, 'P03'),
(4580, 14, 'G5', 0, 'P03'),
(4581, 14, 'G6', 0, 'P03'),
(4582, 14, 'G7', 0, 'P03'),
(4583, 14, 'G8', 0, 'P03'),
(4584, 14, 'G9', 9, 'P03'),
(4585, 14, 'G10', 0, 'P03'),
(4586, 14, 'G11', 0, 'P03'),
(4587, 14, 'G12', 22, 'P03'),
(4588, 14, 'G13', 0, 'P03'),
(4589, 14, 'G14', 11, 'P03'),
(4590, 14, 'G15', 15, 'P03'),
(4591, 14, 'G16', 0, 'P03'),
(4592, 14, 'G17', 0, 'P03'),
(4593, 14, 'G18', 16, 'P03'),
(4594, 14, 'G19', 0, 'P03'),
(4595, 14, 'G20', 0, 'P03'),
(4596, 14, 'G21', 0, 'P03'),
(4597, 14, 'G22', 0, 'P03'),
(4598, 14, 'G23', 0, 'P03'),
(4599, 14, 'G24', 0, 'P03'),
(4600, 15, 'G1', 5, 'P03'),
(4601, 15, 'G2', 0, 'P03'),
(4602, 15, 'G3', 19, 'P03'),
(4603, 15, 'G4', 0, 'P03'),
(4604, 15, 'G5', 12, 'P03'),
(4605, 15, 'G6', 0, 'P03'),
(4606, 15, 'G7', 0, 'P03'),
(4607, 15, 'G8', 0, 'P03'),
(4608, 15, 'G9', 0, 'P03'),
(4609, 15, 'G10', 0, 'P03'),
(4610, 15, 'G11', 21, 'P03'),
(4611, 15, 'G12', 0, 'P03'),
(4612, 15, 'G13', 0, 'P03'),
(4613, 15, 'G14', 0, 'P03'),
(4614, 15, 'G15', 10, 'P03'),
(4615, 15, 'G16', 0, 'P03'),
(4616, 15, 'G17', 0, 'P03'),
(4617, 15, 'G18', 0, 'P03'),
(4618, 15, 'G19', 0, 'P03'),
(4619, 15, 'G20', 0, 'P03'),
(4620, 15, 'G21', 0, 'P03'),
(4621, 15, 'G22', 0, 'P03'),
(4622, 15, 'G23', 0, 'P03'),
(4623, 15, 'G24', 0, 'P03'),
(4624, 16, 'G1', 0, 'P03'),
(4625, 16, 'G2', 0, 'P03'),
(4626, 16, 'G3', 19, 'P03'),
(4627, 16, 'G4', 0, 'P03'),
(4628, 16, 'G5', 5, 'P03'),
(4629, 16, 'G6', 0, 'P03'),
(4630, 16, 'G7', 0, 'P03'),
(4631, 16, 'G8', 0, 'P03'),
(4632, 16, 'G9', 0, 'P03'),
(4633, 16, 'G10', 0, 'P03'),
(4634, 16, 'G11', 10, 'P03'),
(4635, 16, 'G12', 22, 'P03'),
(4636, 16, 'G13', 0, 'P03'),
(4637, 16, 'G14', 0, 'P03'),
(4638, 16, 'G15', 10, 'P03'),
(4639, 16, 'G16', 0, 'P03'),
(4640, 16, 'G17', 0, 'P03'),
(4641, 16, 'G18', 0, 'P03'),
(4642, 16, 'G19', 0, 'P03'),
(4643, 16, 'G20', 0, 'P03'),
(4644, 16, 'G21', 0, 'P03'),
(4645, 16, 'G22', 0, 'P03'),
(4646, 16, 'G23', 0, 'P03'),
(4647, 16, 'G24', 0, 'P03'),
(4648, 17, 'G1', 0, 'P03'),
(4649, 17, 'G2', 0, 'P03'),
(4650, 17, 'G3', 0, 'P03'),
(4651, 17, 'G4', 0, 'P03'),
(4652, 17, 'G5', 12, 'P03'),
(4653, 17, 'G6', 0, 'P03'),
(4654, 17, 'G7', 0, 'P03'),
(4655, 17, 'G8', 0, 'P03'),
(4656, 17, 'G9', 3, 'P03'),
(4657, 17, 'G10', 0, 'P03'),
(4658, 17, 'G11', 10, 'P03'),
(4659, 17, 'G12', 0, 'P03'),
(4660, 17, 'G13', 0, 'P03'),
(4661, 17, 'G14', 11, 'P03'),
(4662, 17, 'G15', 0, 'P03'),
(4663, 17, 'G16', 0, 'P03'),
(4664, 17, 'G17', 0, 'P03'),
(4665, 17, 'G18', 16, 'P03'),
(4666, 17, 'G19', 0, 'P03'),
(4667, 17, 'G20', 0, 'P03'),
(4668, 17, 'G21', 0, 'P03'),
(4669, 17, 'G22', 0, 'P03'),
(4670, 17, 'G23', 0, 'P03'),
(4671, 17, 'G24', 0, 'P03'),
(4672, 18, 'G1', 5, 'P03'),
(4673, 18, 'G2', 0, 'P03'),
(4674, 18, 'G3', 0, 'P03'),
(4675, 18, 'G4', 0, 'P03'),
(4676, 18, 'G5', 5, 'P03'),
(4677, 18, 'G6', 0, 'P03'),
(4678, 18, 'G7', 0, 'P03'),
(4679, 18, 'G8', 0, 'P03'),
(4680, 18, 'G9', 9, 'P03'),
(4681, 18, 'G10', 0, 'P03'),
(4682, 18, 'G11', 0, 'P03'),
(4683, 18, 'G12', 14, 'P03'),
(4684, 18, 'G13', 0, 'P03'),
(4685, 18, 'G14', 11, 'P03'),
(4686, 18, 'G15', 0, 'P03'),
(4687, 18, 'G16', 0, 'P03'),
(4688, 18, 'G17', 0, 'P03'),
(4689, 18, 'G18', 0, 'P03'),
(4690, 18, 'G19', 0, 'P03'),
(4691, 18, 'G20', 0, 'P03'),
(4692, 18, 'G21', 0, 'P03'),
(4693, 18, 'G22', 0, 'P03'),
(4694, 18, 'G23', 0, 'P03'),
(4695, 18, 'G24', 0, 'P03'),
(4696, 19, 'G1', 0, 'P03'),
(4697, 19, 'G2', 0, 'P03'),
(4698, 19, 'G3', 0, 'P03'),
(4699, 19, 'G4', 0, 'P03'),
(4700, 19, 'G5', 12, 'P03'),
(4701, 19, 'G6', 0, 'P03'),
(4702, 19, 'G7', 0, 'P03'),
(4703, 19, 'G8', 0, 'P03'),
(4704, 19, 'G9', 3, 'P03'),
(4705, 19, 'G10', 0, 'P03'),
(4706, 19, 'G11', 21, 'P03'),
(4707, 19, 'G12', 14, 'P03'),
(4708, 19, 'G13', 0, 'P03'),
(4709, 19, 'G14', 0, 'P03'),
(4710, 19, 'G15', 0, 'P03'),
(4711, 19, 'G16', 0, 'P03'),
(4712, 19, 'G17', 0, 'P03'),
(4713, 19, 'G18', 16, 'P03'),
(4714, 19, 'G19', 0, 'P03'),
(4715, 19, 'G20', 0, 'P03'),
(4716, 19, 'G21', 0, 'P03'),
(4717, 19, 'G22', 0, 'P03'),
(4718, 19, 'G23', 0, 'P03'),
(4719, 19, 'G24', 0, 'P03'),
(4720, 20, 'G1', 11, 'P04'),
(4721, 20, 'G2', 0, 'P04'),
(4722, 20, 'G3', 0, 'P04'),
(4723, 20, 'G4', 14, 'P04'),
(4724, 20, 'G5', 0, 'P04'),
(4725, 20, 'G6', 0, 'P04'),
(4726, 20, 'G7', 0, 'P04'),
(4727, 20, 'G8', 0, 'P04'),
(4728, 20, 'G9', 0, 'P04'),
(4729, 20, 'G10', 0, 'P04'),
(4730, 20, 'G11', 0, 'P04'),
(4731, 20, 'G12', 0, 'P04'),
(4732, 20, 'G13', 0, 'P04'),
(4733, 20, 'G14', 0, 'P04'),
(4734, 20, 'G15', 10, 'P04'),
(4735, 20, 'G16', 0, 'P04'),
(4736, 20, 'G17', 11, 'P04'),
(4737, 20, 'G18', 0, 'P04'),
(4738, 20, 'G19', 0, 'P04'),
(4739, 20, 'G20', 0, 'P04'),
(4740, 20, 'G21', 0, 'P04'),
(4741, 20, 'G22', 0, 'P04'),
(4742, 20, 'G23', 0, 'P04'),
(4743, 20, 'G24', 28, 'P04'),
(4744, 21, 'G1', 5, 'P04'),
(4745, 21, 'G2', 0, 'P04'),
(4746, 21, 'G3', 19, 'P04'),
(4747, 21, 'G4', 22, 'P04'),
(4748, 21, 'G5', 5, 'P04'),
(4749, 21, 'G6', 7, 'P04'),
(4750, 21, 'G7', 0, 'P04'),
(4751, 21, 'G8', 0, 'P04'),
(4752, 21, 'G9', 0, 'P04'),
(4753, 21, 'G10', 0, 'P04'),
(4754, 21, 'G11', 0, 'P04'),
(4755, 21, 'G12', 0, 'P04'),
(4756, 21, 'G13', 0, 'P04'),
(4757, 21, 'G14', 0, 'P04'),
(4758, 21, 'G15', 10, 'P04'),
(4759, 21, 'G16', 0, 'P04'),
(4760, 21, 'G17', 5, 'P04'),
(4761, 21, 'G18', 0, 'P04'),
(4762, 21, 'G19', 0, 'P04'),
(4763, 21, 'G20', 0, 'P04'),
(4764, 21, 'G21', 0, 'P04'),
(4765, 21, 'G22', 0, 'P04'),
(4766, 21, 'G23', 0, 'P04'),
(4767, 21, 'G24', 0, 'P04'),
(4768, 22, 'G1', 5, 'P04'),
(4769, 22, 'G2', 0, 'P04'),
(4770, 22, 'G3', 0, 'P04'),
(4771, 22, 'G4', 0, 'P04'),
(4772, 22, 'G5', 5, 'P04'),
(4773, 22, 'G6', 0, 'P04'),
(4774, 22, 'G7', 0, 'P04'),
(4775, 22, 'G8', 0, 'P04'),
(4776, 22, 'G9', 0, 'P04'),
(4777, 22, 'G10', 0, 'P04'),
(4778, 22, 'G11', 0, 'P04'),
(4779, 22, 'G12', 0, 'P04'),
(4780, 22, 'G13', 0, 'P04'),
(4781, 22, 'G14', 0, 'P04'),
(4782, 22, 'G15', 15, 'P04'),
(4783, 22, 'G16', 0, 'P04'),
(4784, 22, 'G17', 0, 'P04'),
(4785, 22, 'G18', 0, 'P04'),
(4786, 22, 'G19', 0, 'P04'),
(4787, 22, 'G20', 0, 'P04'),
(4788, 22, 'G21', 0, 'P04'),
(4789, 22, 'G22', 0, 'P04'),
(4790, 22, 'G23', 50, 'P04'),
(4791, 22, 'G24', 0, 'P04'),
(4792, 23, 'G1', 11, 'P04'),
(4793, 23, 'G2', 0, 'P04'),
(4794, 23, 'G3', 9, 'P04'),
(4795, 23, 'G4', 14, 'P04'),
(4796, 23, 'G5', 12, 'P04'),
(4797, 23, 'G6', 7, 'P04'),
(4798, 23, 'G7', 0, 'P04'),
(4799, 23, 'G8', 0, 'P04'),
(4800, 23, 'G9', 0, 'P04'),
(4801, 23, 'G10', 0, 'P04'),
(4802, 23, 'G11', 0, 'P04'),
(4803, 23, 'G12', 0, 'P04'),
(4804, 23, 'G13', 0, 'P04'),
(4805, 23, 'G14', 0, 'P04'),
(4806, 23, 'G15', 10, 'P04'),
(4807, 23, 'G16', 0, 'P04'),
(4808, 23, 'G17', 11, 'P04'),
(4809, 23, 'G18', 0, 'P04'),
(4810, 23, 'G19', 0, 'P04'),
(4811, 23, 'G20', 0, 'P04'),
(4812, 23, 'G21', 0, 'P04'),
(4813, 23, 'G22', 0, 'P04'),
(4814, 23, 'G23', 0, 'P04'),
(4815, 23, 'G24', 28, 'P04'),
(4816, 24, 'G1', 0, 'P04'),
(4817, 24, 'G2', 0, 'P04'),
(4818, 24, 'G3', 0, 'P04'),
(4819, 24, 'G4', 0, 'P04'),
(4820, 24, 'G5', 12, 'P04'),
(4821, 24, 'G6', 28, 'P04'),
(4822, 24, 'G7', 0, 'P04'),
(4823, 24, 'G8', 0, 'P04'),
(4824, 24, 'G9', 0, 'P04'),
(4825, 24, 'G10', 0, 'P04'),
(4826, 24, 'G11', 0, 'P04'),
(4827, 24, 'G12', 0, 'P04'),
(4828, 24, 'G13', 0, 'P04'),
(4829, 24, 'G14', 0, 'P04'),
(4830, 24, 'G15', 0, 'P04'),
(4831, 24, 'G16', 22, 'P04'),
(4832, 24, 'G17', 0, 'P04'),
(4833, 24, 'G18', 0, 'P04'),
(4834, 24, 'G19', 0, 'P04'),
(4835, 24, 'G20', 0, 'P04'),
(4836, 24, 'G21', 0, 'P04'),
(4837, 24, 'G22', 0, 'P04'),
(4838, 24, 'G23', 0, 'P04'),
(4839, 24, 'G24', 11, 'P04'),
(4840, 25, 'G1', 0, 'P04'),
(4841, 25, 'G2', 0, 'P04'),
(4842, 25, 'G3', 9, 'P04'),
(4843, 25, 'G4', 22, 'P04'),
(4844, 25, 'G5', 0, 'P04'),
(4845, 25, 'G6', 28, 'P04'),
(4846, 25, 'G7', 0, 'P04'),
(4847, 25, 'G8', 0, 'P04'),
(4848, 25, 'G9', 0, 'P04'),
(4849, 25, 'G10', 0, 'P04'),
(4850, 25, 'G11', 0, 'P04'),
(4851, 25, 'G12', 0, 'P04'),
(4852, 25, 'G13', 0, 'P04'),
(4853, 25, 'G14', 0, 'P04'),
(4854, 25, 'G15', 0, 'P04'),
(4855, 25, 'G16', 14, 'P04'),
(4856, 25, 'G17', 0, 'P04'),
(4857, 25, 'G18', 0, 'P04'),
(4858, 25, 'G19', 0, 'P04'),
(4859, 25, 'G20', 0, 'P04'),
(4860, 25, 'G21', 0, 'P04'),
(4861, 25, 'G22', 0, 'P04'),
(4862, 25, 'G23', 0, 'P04'),
(4863, 25, 'G24', 0, 'P04');

-- --------------------------------------------------------

--
-- Table structure for table `tb_datauji`
--

CREATE TABLE `tb_datauji` (
  `id_datauji` int(5) NOT NULL,
  `id_pasien` int(5) NOT NULL,
  `id_gejala` varchar(5) NOT NULL,
  `nilai` int(3) NOT NULL
) ENGINE=InnoDB DEFAULT CHARSET=utf8mb4;

--
-- Dumping data for table `tb_datauji`
--

INSERT INTO `tb_datauji` (`id_datauji`, `id_pasien`, `id_gejala`, `nilai`) VALUES
(16, 7, 'G1', 10),
(17, 31, 'G1', 10),
(18, 7, 'G1', 10),
(19, 7, 'G1', 10),
(20, 31, 'G1', 10),
(21, 31, 'G1', 10),
(22, 31, 'G1', 10),
(23, 31, 'G2', 10),
(24, 31, 'G3', 10),
(43, 33, 'G1', 3),
(44, 33, 'G2', 4),
(45, 33, 'G3', 3),
(46, 33, 'G4', 4),
(47, 33, 'G5', 0),
(48, 33, 'G6', 0),
(49, 33, 'G7', 0),
(50, 33, 'G8', 0),
(51, 33, 'G9', 3),
(52, 33, 'G10', 0),
(53, 33, 'G11', 5),
(54, 33, 'G12', 0),
(55, 33, 'G13', 0),
(56, 33, 'G14', 0),
(57, 33, 'G15', 0),
(58, 33, 'G16', 0),
(59, 33, 'G17', 0),
(60, 35, 'G1', 3),
(61, 35, 'G2', 0),
(62, 35, 'G3', 3),
(63, 35, 'G4', 0),
(64, 35, 'G5', 5),
(65, 35, 'G6', 0),
(66, 35, 'G7', 3),
(67, 35, 'G8', 0),
(68, 35, 'G9', 3),
(69, 35, 'G10', 0),
(70, 35, 'G11', 5),
(71, 35, 'G12', 0),
(72, 35, 'G13', 5),
(73, 35, 'G14', 0),
(74, 35, 'G15', 3),
(75, 35, 'G16', 0),
(76, 35, 'G17', 3),
(77, 36, 'G1', 3),
(78, 36, 'G2', 4),
(79, 36, 'G3', 3),
(80, 36, 'G4', 4),
(81, 36, 'G5', 5),
(82, 36, 'G6', 4),
(83, 36, 'G7', 3),
(84, 36, 'G8', 4),
(85, 36, 'G9', 3),
(86, 36, 'G10', 0),
(87, 36, 'G11', 0),
(88, 36, 'G12', 5),
(89, 36, 'G13', 5),
(90, 36, 'G14', 4),
(91, 36, 'G15', 3),
(92, 36, 'G16', 3),
(93, 36, 'G17', 3),
(94, 37, 'G1', 3),
(95, 37, 'G2', 4),
(96, 37, 'G3', 3),
(97, 37, 'G4', 0),
(98, 37, 'G5', 0),
(99, 37, 'G6', 0),
(100, 37, 'G7', 3),
(101, 37, 'G8', 4),
(102, 37, 'G9', 3),
(103, 37, 'G10', 0),
(104, 37, 'G11', 5),
(105, 37, 'G12', 5),
(106, 37, 'G13', 0),
(107, 37, 'G14', 4),
(108, 37, 'G15', 0),
(109, 37, 'G16', 3),
(110, 37, 'G17', 0),
(111, 38, 'G1', 3),
(112, 38, 'G2', 4),
(113, 38, 'G3', 3),
(114, 38, 'G4', 4),
(115, 38, 'G5', 5),
(116, 38, 'G6', 4),
(117, 38, 'G7', 3),
(118, 38, 'G8', 4),
(119, 38, 'G9', 3),
(120, 38, 'G10', 0),
(121, 38, 'G11', 0),
(122, 38, 'G12', 0),
(123, 38, 'G13', 0),
(124, 38, 'G14', 0),
(125, 38, 'G15', 0),
(126, 38, 'G16', 0),
(127, 38, 'G17', 3),
(128, 39, 'G1', 3),
(129, 39, 'G2', 4),
(130, 39, 'G3', 3),
(131, 39, 'G4', 4),
(132, 39, 'G5', 5),
(133, 39, 'G6', 4),
(134, 39, 'G7', 3),
(135, 39, 'G8', 0),
(136, 39, 'G9', 0),
(137, 39, 'G10', 0),
(138, 39, 'G11', 0),
(139, 39, 'G12', 0),
(140, 39, 'G13', 0),
(141, 39, 'G14', 0),
(142, 39, 'G15', 0),
(143, 39, 'G16', 0),
(144, 39, 'G17', 0),
(145, 40, 'G1', 3),
(146, 40, 'G2', 4),
(147, 40, 'G3', 3),
(148, 40, 'G4', 4),
(149, 40, 'G5', 5),
(150, 40, 'G6', 4),
(151, 40, 'G7', 3),
(152, 40, 'G8', 4),
(153, 40, 'G9', 3),
(154, 40, 'G10', 3),
(155, 40, 'G11', 5),
(156, 40, 'G12', 5),
(157, 40, 'G13', 5),
(158, 40, 'G14', 4),
(159, 40, 'G15', 3),
(160, 40, 'G16', 3),
(161, 40, 'G17', 3),
(162, 40, 'G1', 3),
(163, 40, 'G2', 4),
(164, 40, 'G3', 3),
(165, 40, 'G4', 4),
(166, 40, 'G5', 5),
(167, 40, 'G6', 4),
(168, 40, 'G7', 3),
(169, 40, 'G8', 4),
(170, 40, 'G9', 3),
(171, 40, 'G10', 3),
(172, 40, 'G11', 5),
(173, 40, 'G12', 5),
(174, 40, 'G13', 5),
(175, 40, 'G14', 4),
(176, 40, 'G15', 3),
(177, 40, 'G16', 3),
(178, 40, 'G17', 3),
(179, 41, 'G1', 3),
(180, 41, 'G2', 4),
(182, 46, 'G1', 3),
(183, 46, 'G2', 4),
(184, 46, 'G3', 3),
(185, 46, 'G4', 4),
(186, 46, 'G5', 5),
(187, 46, 'G6', 4),
(188, 46, 'G7', 3),
(189, 46, 'G8', 4),
(190, 46, 'G9', 3),
(191, 46, 'G10', 3),
(192, 46, 'G11', 5),
(193, 46, 'G12', 5),
(194, 46, 'G13', 5),
(195, 46, 'G14', 4),
(196, 46, 'G15', 3),
(197, 46, 'G16', 3),
(198, 46, 'G17', 3),
(199, 49, 'G1', 3),
(200, 49, 'G2', 4),
(201, 49, 'G3', 3),
(202, 49, 'G4', 4),
(203, 49, 'G5', 5),
(204, 49, 'G6', 4),
(205, 49, 'G7', 3),
(206, 49, 'G8', 4),
(207, 49, 'G9', 3),
(208, 49, 'G10', 3),
(209, 49, 'G11', 5),
(210, 49, 'G12', 5),
(211, 49, 'G13', 5),
(212, 49, 'G14', 4),
(213, 49, 'G15', 3),
(214, 49, 'G16', 3),
(215, 49, 'G17', 3),
(216, 49, 'G1', 3),
(217, 49, 'G2', 4),
(218, 49, 'G3', 3),
(219, 49, 'G4', 4),
(220, 49, 'G5', 5),
(221, 49, 'G6', 4),
(222, 49, 'G7', 3),
(223, 49, 'G8', 4),
(224, 49, 'G9', 3),
(225, 49, 'G10', 3),
(226, 49, 'G11', 5),
(227, 49, 'G12', 5),
(228, 49, 'G13', 5),
(229, 49, 'G14', 4),
(230, 49, 'G15', 3),
(231, 49, 'G16', 3),
(232, 49, 'G17', 0),
(233, 50, 'G1', 3),
(234, 50, 'G2', 4),
(235, 50, 'G3', 3),
(236, 50, 'G4', 4),
(237, 50, 'G5', 0),
(238, 50, 'G6', 0),
(239, 50, 'G7', 0),
(240, 50, 'G8', 0),
(241, 50, 'G9', 3),
(242, 50, 'G10', 0),
(243, 50, 'G11', 5),
(244, 50, 'G12', 0),
(245, 50, 'G13', 0),
(246, 50, 'G14', 0),
(247, 50, 'G15', 0),
(248, 50, 'G16', 0),
(249, 50, 'G17', 0),
(250, 51, 'G1', 3),
(251, 51, 'G2', 4),
(252, 51, 'G3', 3),
(253, 51, 'G4', 0),
(254, 51, 'G5', 0),
(255, 51, 'G6', 0),
(256, 51, 'G7', 3),
(257, 51, 'G8', 4),
(258, 51, 'G9', 3),
(259, 51, 'G10', 0),
(260, 51, 'G11', 0),
(261, 51, 'G12', 5),
(262, 51, 'G13', 5),
(263, 51, 'G14', 0),
(264, 51, 'G15', 0),
(265, 51, 'G16', 3),
(266, 51, 'G17', 3),
(267, 52, 'G1', 3),
(268, 52, 'G2', 4),
(269, 52, 'G3', 0),
(270, 52, 'G4', 4),
(271, 52, 'G5', 5),
(272, 52, 'G6', 0),
(273, 52, 'G7', 3),
(274, 52, 'G8', 0),
(275, 52, 'G9', 3),
(276, 52, 'G10', 3),
(277, 52, 'G11', 0),
(278, 52, 'G12', 0),
(279, 52, 'G13', 0),
(280, 52, 'G14', 0),
(281, 52, 'G15', 3),
(282, 52, 'G16', 3),
(283, 52, 'G17', 3),
(284, 53, 'G1', 11),
(285, 53, 'G2', 11),
(286, 53, 'G3', 19),
(287, 53, 'G4', 22),
(288, 53, 'G5', 12),
(289, 53, 'G6', 28),
(290, 53, 'G7', 28),
(291, 53, 'G8', 8),
(292, 53, 'G9', 9),
(293, 53, 'G10', 53),
(294, 53, 'G11', 21),
(295, 53, 'G12', 22),
(296, 53, 'G13', 53),
(297, 53, 'G14', 11),
(298, 53, 'G15', 15),
(299, 53, 'G16', 22),
(300, 53, 'G17', 11),
(301, 53, 'G18', 16),
(302, 53, 'G19', 22),
(303, 53, 'G20', 22),
(304, 53, 'G21', 22),
(305, 53, 'G22', 14),
(306, 53, 'G23', 50),
(307, 53, 'G24', 28),
(308, 54, 'G1', 0),
(309, 54, 'G2', 0),
(310, 54, 'G3', 0),
(311, 54, 'G4', 0),
(312, 54, 'G5', 0),
(313, 54, 'G6', 0),
(314, 54, 'G7', 0),
(315, 54, 'G8', 0),
(316, 54, 'G9', 0),
(317, 54, 'G10', 0),
(318, 54, 'G11', 0),
(319, 54, 'G12', 0),
(320, 54, 'G13', 0),
(321, 54, 'G14', 0),
(322, 54, 'G15', 0),
(323, 54, 'G16', 0),
(324, 54, 'G17', 0),
(325, 54, 'G18', 0),
(326, 54, 'G19', 0),
(327, 54, 'G20', 0),
(328, 54, 'G21', 0),
(329, 54, 'G22', 0),
(330, 54, 'G23', 0),
(331, 54, 'G24', 0),
(332, 55, 'G1', 11),
(333, 55, 'G2', 5),
(334, 55, 'G3', 9),
(335, 55, 'G4', 0),
(336, 55, 'G5', 0),
(337, 55, 'G6', 0),
(338, 55, 'G7', 7),
(339, 55, 'G8', 0),
(340, 55, 'G9', 0),
(341, 55, 'G10', 0),
(342, 55, 'G11', 0),
(343, 55, 'G12', 0),
(344, 55, 'G13', 0),
(345, 55, 'G14', 0),
(346, 55, 'G15', 0),
(347, 55, 'G16', 0),
(348, 55, 'G17', 0),
(349, 55, 'G18', 0),
(350, 55, 'G19', 0),
(351, 55, 'G20', 0),
(352, 55, 'G21', 0),
(353, 55, 'G22', 0),
(354, 55, 'G23', 0),
(355, 55, 'G24', 0),
(356, 56, 'G1', 0),
(357, 56, 'G2', 0),
(358, 56, 'G3', 0),
(359, 56, 'G4', 0),
(360, 56, 'G5', 0),
(361, 56, 'G6', 0),
(362, 56, 'G7', 7),
(363, 56, 'G8', 0),
(364, 56, 'G9', 9),
(365, 56, 'G10', 0),
(366, 56, 'G11', 10),
(367, 56, 'G12', 22),
(368, 56, 'G13', 21),
(369, 56, 'G14', 0),
(370, 56, 'G15', 0),
(371, 56, 'G16', 0),
(372, 56, 'G17', 0),
(373, 56, 'G18', 0),
(374, 56, 'G19', 0),
(375, 56, 'G20', 0),
(376, 56, 'G21', 0),
(377, 56, 'G22', 0),
(378, 56, 'G23', 0),
(379, 56, 'G24', 0),
(380, 57, 'G1', 5),
(381, 57, 'G2', 11),
(382, 57, 'G3', 19),
(383, 57, 'G4', 22),
(384, 57, 'G5', 12),
(385, 57, 'G6', 0),
(386, 57, 'G7', 0),
(387, 57, 'G8', 0),
(388, 57, 'G9', 0),
(389, 57, 'G10', 0),
(390, 57, 'G11', 0),
(391, 57, 'G12', 0),
(392, 57, 'G13', 0),
(393, 57, 'G14', 0),
(394, 57, 'G15', 0),
(395, 57, 'G16', 0),
(396, 57, 'G17', 0),
(397, 57, 'G18', 0),
(398, 57, 'G19', 0),
(399, 57, 'G20', 0),
(400, 57, 'G21', 0),
(401, 57, 'G22', 0),
(402, 57, 'G23', 0),
(403, 57, 'G24', 0),
(404, 58, 'G1', 0),
(405, 58, 'G2', 0),
(406, 58, 'G3', 19),
(407, 58, 'G4', 0),
(408, 58, 'G5', 0),
(409, 58, 'G6', 0),
(410, 58, 'G7', 0),
(411, 58, 'G8', 0),
(412, 58, 'G9', 0),
(413, 58, 'G10', 0),
(414, 58, 'G11', 0),
(415, 58, 'G12', 0),
(416, 58, 'G13', 0),
(417, 58, 'G14', 0),
(418, 58, 'G15', 0),
(419, 58, 'G16', 0),
(420, 58, 'G17', 0),
(421, 58, 'G18', 0),
(422, 58, 'G19', 22),
(423, 58, 'G20', 22),
(424, 58, 'G21', 22),
(425, 58, 'G22', 14),
(426, 58, 'G23', 0),
(427, 58, 'G24', 0),
(428, 59, 'G1', 0),
(429, 59, 'G2', 0),
(430, 59, 'G3', 0),
(431, 59, 'G4', 22),
(432, 59, 'G5', 0),
(433, 59, 'G6', 0),
(434, 59, 'G7', 0),
(435, 59, 'G8', 0),
(436, 59, 'G9', 0),
(437, 59, 'G10', 0),
(438, 59, 'G11', 0),
(439, 59, 'G12', 0),
(440, 59, 'G13', 0),
(441, 59, 'G14', 0),
(442, 59, 'G15', 0),
(443, 59, 'G16', 0),
(444, 59, 'G17', 0),
(445, 59, 'G18', 0),
(446, 59, 'G19', 0),
(447, 59, 'G20', 11),
(448, 59, 'G21', 11),
(449, 59, 'G22', 7),
(450, 59, 'G23', 0),
(451, 59, 'G24', 0),
(452, 60, 'G1', 0),
(453, 60, 'G2', 0),
(454, 60, 'G3', 0),
(455, 60, 'G4', 14),
(456, 60, 'G5', 0),
(457, 60, 'G6', 0),
(458, 60, 'G7', 0),
(459, 60, 'G8', 0),
(460, 60, 'G9', 0),
(461, 60, 'G10', 0),
(462, 60, 'G11', 0),
(463, 60, 'G12', 0),
(464, 60, 'G13', 0),
(465, 60, 'G14', 0),
(466, 60, 'G15', 0),
(467, 60, 'G16', 0),
(468, 60, 'G17', 0),
(469, 60, 'G18', 0),
(470, 60, 'G19', 0),
(471, 60, 'G20', 0),
(472, 60, 'G21', 0),
(473, 60, 'G22', 14),
(474, 60, 'G23', 0),
(475, 60, 'G24', 0),
(476, 61, 'G1', 11),
(477, 61, 'G2', 0),
(478, 61, 'G3', 9),
(479, 61, 'G4', 0),
(480, 61, 'G5', 0),
(481, 61, 'G6', 0),
(482, 61, 'G7', 0),
(483, 61, 'G8', 0),
(484, 61, 'G9', 9),
(485, 61, 'G10', 0),
(486, 61, 'G11', 0),
(487, 61, 'G12', 22),
(488, 61, 'G13', 0),
(489, 61, 'G14', 11),
(490, 61, 'G15', 15),
(491, 61, 'G16', 0),
(492, 61, 'G17', 0),
(493, 61, 'G18', 16),
(494, 61, 'G19', 0),
(495, 61, 'G20', 0),
(496, 61, 'G21', 0),
(497, 61, 'G22', 0),
(498, 61, 'G23', 0),
(499, 61, 'G24', 0),
(500, 62, 'G1', 5),
(501, 62, 'G2', 0),
(502, 62, 'G3', 19),
(503, 62, 'G4', 0),
(504, 62, 'G5', 12),
(505, 62, 'G6', 0),
(506, 62, 'G7', 0),
(507, 62, 'G8', 0),
(508, 62, 'G9', 0),
(509, 62, 'G10', 0),
(510, 62, 'G11', 21),
(511, 62, 'G12', 0),
(512, 62, 'G13', 0),
(513, 62, 'G14', 0),
(514, 62, 'G15', 10),
(515, 62, 'G16', 0),
(516, 62, 'G17', 0),
(517, 62, 'G18', 0),
(518, 62, 'G19', 0),
(519, 62, 'G20', 0),
(520, 62, 'G21', 0),
(521, 62, 'G22', 0),
(522, 62, 'G23', 0),
(523, 62, 'G24', 0),
(524, 63, 'G1', 11),
(525, 63, 'G2', 0),
(526, 63, 'G3', 0),
(527, 63, 'G4', 14),
(528, 63, 'G5', 0),
(529, 63, 'G6', 0),
(530, 63, 'G7', 0),
(531, 63, 'G8', 0),
(532, 63, 'G9', 0),
(533, 63, 'G10', 0),
(534, 63, 'G11', 0),
(535, 63, 'G12', 0),
(536, 63, 'G13', 0),
(537, 63, 'G14', 0),
(538, 63, 'G15', 10),
(539, 63, 'G16', 0),
(540, 63, 'G17', 11),
(541, 63, 'G18', 0),
(542, 63, 'G19', 0),
(543, 63, 'G20', 0),
(544, 63, 'G21', 0),
(545, 63, 'G22', 0),
(546, 63, 'G23', 0),
(547, 63, 'G24', 28),
(548, 64, 'G1', 5),
(549, 64, 'G2', 0),
(550, 64, 'G3', 19),
(551, 64, 'G4', 22),
(552, 64, 'G5', 5),
(553, 64, 'G6', 7),
(554, 64, 'G7', 0),
(555, 64, 'G8', 0),
(556, 64, 'G9', 0),
(557, 64, 'G10', 0),
(558, 64, 'G11', 0),
(559, 64, 'G12', 0),
(560, 64, 'G13', 0),
(561, 64, 'G14', 0),
(562, 64, 'G15', 10),
(563, 64, 'G16', 0),
(564, 64, 'G17', 5),
(565, 64, 'G18', 0),
(566, 64, 'G19', 0),
(567, 64, 'G20', 0),
(568, 64, 'G21', 0),
(569, 64, 'G22', 0),
(570, 64, 'G23', 0),
(571, 64, 'G24', 0),
(572, 66, 'G1', 0),
(573, 66, 'G2', 0),
(574, 66, 'G3', 9),
(575, 66, 'G4', 0),
(576, 66, 'G5', 0),
(577, 66, 'G6', 0),
(578, 66, 'G7', 0),
(579, 66, 'G8', 0),
(580, 66, 'G9', 0),
(581, 66, 'G10', 0),
(582, 66, 'G11', 0),
(583, 66, 'G12', 0),
(584, 66, 'G13', 0),
(585, 66, 'G14', 0),
(586, 66, 'G15', 0),
(587, 66, 'G16', 0),
(588, 66, 'G17', 0),
(589, 66, 'G18', 0),
(590, 66, 'G19', 0),
(591, 66, 'G20', 0),
(592, 66, 'G21', 11),
(593, 66, 'G22', 0),
(594, 66, 'G23', 0),
(595, 66, 'G24', 0),
(596, 67, 'G1', 11),
(597, 67, 'G2', 11),
(598, 67, 'G3', 0),
(599, 67, 'G4', 22),
(600, 67, 'G5', 5),
(601, 67, 'G6', 7),
(602, 67, 'G7', 28),
(603, 67, 'G8', 8),
(604, 67, 'G9', 3),
(605, 67, 'G10', 21),
(606, 67, 'G11', 0),
(607, 67, 'G12', 0),
(608, 67, 'G13', 0),
(609, 67, 'G14', 0),
(610, 67, 'G15', 0),
(611, 67, 'G16', 22),
(612, 67, 'G17', 11),
(613, 67, 'G18', 16),
(614, 67, 'G19', 0),
(615, 67, 'G20', 0),
(616, 67, 'G21', 0),
(617, 67, 'G22', 0),
(618, 67, 'G23', 50),
(619, 67, 'G24', 11),
(620, 68, 'G1', 0),
(621, 68, 'G2', 0),
(622, 68, 'G3', 19),
(623, 68, 'G4', 0),
(624, 68, 'G5', 5),
(625, 68, 'G6', 7),
(626, 68, 'G7', 0),
(627, 68, 'G8', 0),
(628, 68, 'G9', 0),
(629, 68, 'G10', 0),
(630, 68, 'G11', 0),
(631, 68, 'G12', 0),
(632, 68, 'G13', 53),
(633, 68, 'G14', 0),
(634, 68, 'G15', 0),
(635, 68, 'G16', 0),
(636, 68, 'G17', 0),
(637, 68, 'G18', 0),
(638, 68, 'G19', 0),
(639, 68, 'G20', 0),
(640, 68, 'G21', 0),
(641, 68, 'G22', 0),
(642, 68, 'G23', 0),
(643, 68, 'G24', 0),
(644, 69, 'G1', 0),
(645, 69, 'G2', 0),
(646, 69, 'G3', 0),
(647, 69, 'G4', 14),
(648, 69, 'G5', 0),
(649, 69, 'G6', 28),
(650, 69, 'G7', 0),
(651, 69, 'G8', 4),
(652, 69, 'G9', 3),
(653, 69, 'G10', 0),
(654, 69, 'G11', 0),
(655, 69, 'G12', 0),
(656, 69, 'G13', 0),
(657, 69, 'G14', 0),
(658, 69, 'G15', 0),
(659, 69, 'G16', 0),
(660, 69, 'G17', 0),
(661, 69, 'G18', 0),
(662, 69, 'G19', 0),
(663, 69, 'G20', 0),
(664, 69, 'G21', 0),
(665, 69, 'G22', 0),
(666, 69, 'G23', 0),
(667, 69, 'G24', 0),
(668, 70, 'G1', 0),
(669, 70, 'G2', 0),
(670, 70, 'G3', 0),
(671, 70, 'G4', 0),
(672, 70, 'G5', 0),
(673, 70, 'G6', 0),
(674, 70, 'G7', 0),
(675, 70, 'G8', 8),
(676, 70, 'G9', 9),
(677, 70, 'G10', 53),
(678, 70, 'G11', 21),
(679, 70, 'G12', 0),
(680, 70, 'G13', 0),
(681, 70, 'G14', 0),
(682, 70, 'G15', 0),
(683, 70, 'G16', 0),
(684, 70, 'G17', 0),
(685, 70, 'G18', 0),
(686, 70, 'G19', 0),
(687, 70, 'G20', 0),
(688, 70, 'G21', 0),
(689, 70, 'G22', 0),
(690, 70, 'G23', 0),
(691, 70, 'G24', 0),
(692, 71, 'G1', 0),
(693, 71, 'G2', 0),
(694, 71, 'G3', 9),
(695, 71, 'G4', 0),
(696, 71, 'G5', 0),
(697, 71, 'G6', 0),
(698, 71, 'G7', 0),
(699, 71, 'G8', 0),
(700, 71, 'G9', 0),
(701, 71, 'G10', 0),
(702, 71, 'G11', 0),
(703, 71, 'G12', 0),
(704, 71, 'G13', 0),
(705, 71, 'G14', 0),
(706, 71, 'G15', 0),
(707, 71, 'G16', 0),
(708, 71, 'G17', 0),
(709, 71, 'G18', 0),
(710, 71, 'G19', 11),
(711, 71, 'G20', 0),
(712, 71, 'G21', 11),
(713, 71, 'G22', 0),
(714, 71, 'G23', 0),
(715, 71, 'G24', 0),
(716, 73, 'G1', 0),
(717, 73, 'G2', 0),
(718, 73, 'G3', 0),
(719, 73, 'G4', 0),
(720, 73, 'G5', 0),
(721, 73, 'G6', 0),
(722, 73, 'G7', 0),
(723, 73, 'G8', 0),
(724, 73, 'G9', 0),
(725, 73, 'G10', 0),
(726, 73, 'G11', 0),
(727, 73, 'G12', 0),
(728, 73, 'G13', 0),
(729, 73, 'G14', 0),
(730, 73, 'G15', 0),
(731, 73, 'G16', 0),
(732, 73, 'G17', 0),
(733, 73, 'G18', 0),
(734, 73, 'G19', 0),
(735, 73, 'G20', 22),
(736, 73, 'G21', 0),
(737, 73, 'G22', 7),
(738, 73, 'G23', 0),
(739, 73, 'G24', 0),
(740, 74, 'G1', 0),
(741, 74, 'G2', 0),
(742, 74, 'G3', 19),
(743, 74, 'G4', 0),
(744, 74, 'G5', 5),
(745, 74, 'G6', 0),
(746, 74, 'G7', 0),
(747, 74, 'G8', 0),
(748, 74, 'G9', 0),
(749, 74, 'G10', 0),
(750, 74, 'G11', 10),
(751, 74, 'G12', 22),
(752, 74, 'G13', 0),
(753, 74, 'G14', 0),
(754, 74, 'G15', 10),
(755, 74, 'G16', 0),
(756, 74, 'G17', 0),
(757, 74, 'G18', 0),
(758, 74, 'G19', 0),
(759, 74, 'G20', 0),
(760, 74, 'G21', 0),
(761, 74, 'G22', 0),
(762, 74, 'G23', 0),
(763, 74, 'G24', 0),
(764, 75, 'G1', 0),
(765, 75, 'G2', 0),
(766, 75, 'G3', 0),
(767, 75, 'G4', 0),
(768, 75, 'G5', 12),
(769, 75, 'G6', 0),
(770, 75, 'G7', 0),
(771, 75, 'G8', 0),
(772, 75, 'G9', 3),
(773, 75, 'G10', 0),
(774, 75, 'G11', 10),
(775, 75, 'G12', 0),
(776, 75, 'G13', 0),
(777, 75, 'G14', 11),
(778, 75, 'G15', 0),
(779, 75, 'G16', 0),
(780, 75, 'G17', 0),
(781, 76, 'G1', 11),
(782, 76, 'G2', 0),
(783, 76, 'G3', 0),
(784, 76, 'G4', 0),
(785, 76, 'G5', 12),
(786, 76, 'G6', 0),
(787, 76, 'G7', 0),
(788, 76, 'G8', 0),
(789, 76, 'G9', 0),
(790, 76, 'G10', 0),
(791, 76, 'G11', 0),
(792, 76, 'G12', 14),
(793, 76, 'G13', 0),
(794, 76, 'G14', 0),
(795, 76, 'G15', 15),
(796, 76, 'G16', 0),
(797, 76, 'G17', 0),
(798, 76, 'G18', 0),
(799, 76, 'G19', 0),
(800, 76, 'G20', 0),
(801, 76, 'G21', 0),
(802, 76, 'G22', 0),
(803, 76, 'G23', 50),
(804, 76, 'G24', 28),
(805, 77, 'G1', 5),
(806, 77, 'G2', 0),
(807, 77, 'G3', 0),
(808, 77, 'G4', 22),
(809, 77, 'G5', 5),
(810, 77, 'G6', 7),
(811, 77, 'G7', 0),
(812, 77, 'G8', 0),
(813, 77, 'G9', 0),
(814, 77, 'G10', 0),
(815, 77, 'G11', 0),
(816, 77, 'G12', 22),
(817, 77, 'G13', 0),
(818, 77, 'G14', 0),
(819, 77, 'G15', 10),
(820, 77, 'G16', 22),
(821, 77, 'G17', 0),
(822, 77, 'G18', 0),
(823, 77, 'G19', 0),
(824, 77, 'G20', 0),
(825, 77, 'G21', 0),
(826, 77, 'G22', 0),
(827, 77, 'G23', 21),
(828, 77, 'G24', 11),
(829, 78, 'G1', 5),
(830, 78, 'G2', 0),
(831, 78, 'G3', 0),
(832, 78, 'G4', 0),
(833, 78, 'G5', 5),
(834, 78, 'G6', 0),
(835, 78, 'G7', 0),
(836, 78, 'G8', 0),
(837, 78, 'G9', 0),
(838, 78, 'G10', 0),
(839, 78, 'G11', 0),
(840, 78, 'G12', 0),
(841, 78, 'G13', 0),
(842, 78, 'G14', 0),
(843, 78, 'G15', 15),
(844, 78, 'G16', 0),
(845, 78, 'G17', 0),
(846, 78, 'G18', 0),
(847, 78, 'G19', 0),
(848, 78, 'G20', 0),
(849, 78, 'G21', 0),
(850, 78, 'G22', 0),
(851, 78, 'G23', 50),
(852, 78, 'G24', 0),
(853, 79, 'G1', 11),
(854, 79, 'G2', 0),
(855, 79, 'G3', 9),
(856, 79, 'G4', 14),
(857, 79, 'G5', 12),
(858, 79, 'G6', 7),
(859, 79, 'G7', 0),
(860, 79, 'G8', 0),
(861, 79, 'G9', 0),
(862, 79, 'G10', 0),
(863, 79, 'G11', 0),
(864, 79, 'G12', 0),
(865, 79, 'G13', 0),
(866, 79, 'G14', 0),
(867, 79, 'G15', 10),
(868, 79, 'G16', 0),
(869, 79, 'G17', 11),
(870, 79, 'G18', 0),
(871, 79, 'G19', 0),
(872, 79, 'G20', 0),
(873, 79, 'G21', 0),
(874, 79, 'G22', 0),
(875, 79, 'G23', 0),
(876, 79, 'G24', 28),
(877, 80, 'G1', 0),
(878, 80, 'G2', 0),
(879, 80, 'G3', 0),
(880, 80, 'G4', 0),
(881, 80, 'G5', 12),
(882, 80, 'G6', 28),
(883, 80, 'G7', 0),
(884, 80, 'G8', 0),
(885, 80, 'G9', 0),
(886, 80, 'G10', 0),
(887, 80, 'G11', 0),
(888, 80, 'G12', 0),
(889, 80, 'G13', 0),
(890, 80, 'G14', 0),
(891, 80, 'G15', 0),
(892, 80, 'G16', 22),
(893, 80, 'G17', 0),
(894, 80, 'G18', 0),
(895, 80, 'G19', 0),
(896, 80, 'G20', 0),
(897, 80, 'G21', 0),
(898, 80, 'G22', 0),
(899, 80, 'G23', 0),
(900, 80, 'G24', 11),
(901, 81, 'G1', 11),
(902, 81, 'G2', 11),
(903, 81, 'G3', 9),
(904, 81, 'G4', 0),
(905, 81, 'G5', 5),
(906, 81, 'G6', 7),
(907, 81, 'G7', 0),
(908, 81, 'G8', 0),
(909, 81, 'G9', 0),
(910, 81, 'G10', 0),
(911, 81, 'G11', 0),
(912, 81, 'G12', 0),
(913, 81, 'G13', 0),
(914, 81, 'G14', 0),
(915, 81, 'G15', 0),
(916, 81, 'G16', 0),
(917, 81, 'G17', 0),
(918, 81, 'G18', 0),
(919, 81, 'G19', 0),
(920, 81, 'G20', 0),
(921, 81, 'G21', 0),
(922, 81, 'G22', 0),
(923, 81, 'G23', 0),
(924, 81, 'G24', 0),
(925, 82, 'G1', 0),
(926, 82, 'G2', 0),
(927, 82, 'G3', 9),
(928, 82, 'G4', 22),
(929, 82, 'G5', 0),
(930, 82, 'G6', 28),
(931, 82, 'G7', 0),
(932, 82, 'G8', 0),
(933, 82, 'G9', 0),
(934, 82, 'G10', 0),
(935, 82, 'G11', 0),
(936, 82, 'G12', 0),
(937, 82, 'G13', 0),
(938, 82, 'G14', 0),
(939, 82, 'G15', 0),
(940, 82, 'G16', 14),
(941, 82, 'G17', 0),
(942, 82, 'G18', 0),
(943, 82, 'G19', 0),
(944, 82, 'G20', 0),
(945, 82, 'G21', 0),
(946, 82, 'G22', 0),
(947, 82, 'G23', 0),
(948, 82, 'G24', 0),
(949, 83, 'G1', 5),
(950, 83, 'G2', 0),
(951, 83, 'G3', 0),
(952, 83, 'G4', 0),
(953, 83, 'G5', 12),
(954, 83, 'G6', 0),
(955, 83, 'G7', 0),
(956, 83, 'G8', 8),
(957, 83, 'G9', 3),
(958, 83, 'G10', 53),
(959, 83, 'G11', 0),
(960, 83, 'G12', 0),
(961, 83, 'G13', 0),
(962, 83, 'G14', 0),
(963, 83, 'G15', 0),
(964, 83, 'G16', 0),
(965, 83, 'G17', 0),
(966, 83, 'G18', 0),
(967, 83, 'G19', 0),
(968, 83, 'G20', 0),
(969, 83, 'G21', 0),
(970, 83, 'G22', 0),
(971, 83, 'G23', 0),
(972, 83, 'G24', 0),
(973, 84, 'G1', 0),
(974, 84, 'G2', 0),
(975, 84, 'G3', 0),
(976, 84, 'G4', 14),
(977, 84, 'G5', 0),
(978, 84, 'G6', 0),
(979, 84, 'G7', 0),
(980, 84, 'G8', 0),
(981, 84, 'G9', 0),
(982, 84, 'G10', 0),
(983, 84, 'G11', 0),
(984, 84, 'G12', 0),
(985, 84, 'G13', 0),
(986, 84, 'G14', 0),
(987, 84, 'G15', 0),
(988, 84, 'G16', 0),
(989, 84, 'G17', 0),
(990, 84, 'G18', 0),
(991, 84, 'G19', 22),
(992, 84, 'G20', 0),
(993, 84, 'G21', 0),
(994, 84, 'G22', 7),
(995, 84, 'G23', 0),
(996, 84, 'G24', 0),
(997, 85, 'G1', 0),
(998, 85, 'G2', 0),
(999, 85, 'G3', 0),
(1000, 85, 'G4', 22),
(1001, 85, 'G5', 0),
(1002, 85, 'G6', 0),
(1003, 85, 'G7', 0),
(1004, 85, 'G8', 0),
(1005, 85, 'G9', 0),
(1006, 85, 'G10', 0),
(1007, 85, 'G11', 0),
(1008, 85, 'G12', 0),
(1009, 85, 'G13', 0),
(1010, 85, 'G14', 0),
(1011, 85, 'G15', 0),
(1012, 85, 'G16', 0),
(1013, 85, 'G17', 0),
(1014, 85, 'G18', 0),
(1015, 85, 'G19', 0),
(1016, 85, 'G20', 0),
(1017, 85, 'G21', 22),
(1018, 85, 'G22', 14),
(1019, 85, 'G23', 0),
(1020, 85, 'G24', 0),
(1021, 86, 'G1', 5),
(1022, 86, 'G2', 0),
(1023, 86, 'G3', 0),
(1024, 86, 'G4', 0),
(1025, 86, 'G5', 12),
(1026, 86, 'G6', 0),
(1027, 86, 'G7', 0),
(1028, 86, 'G8', 8),
(1029, 86, 'G9', 3),
(1030, 86, 'G10', 53),
(1031, 86, 'G11', 0),
(1032, 86, 'G12', 0),
(1033, 86, 'G13', 0),
(1034, 86, 'G14', 0),
(1035, 86, 'G15', 0),
(1036, 86, 'G16', 0),
(1037, 86, 'G17', 0),
(1038, 86, 'G18', 0),
(1039, 86, 'G19', 0),
(1040, 86, 'G20', 0),
(1041, 86, 'G21', 0),
(1042, 86, 'G22', 0),
(1043, 86, 'G23', 0),
(1044, 86, 'G24', 0),
(1045, 87, 'G1', 0),
(1046, 87, 'G2', 0),
(1047, 87, 'G3', 19),
(1048, 87, 'G4', 0),
(1049, 87, 'G5', 12),
(1050, 87, 'G6', 28),
(1051, 87, 'G7', 7),
(1052, 87, 'G8', 0),
(1053, 87, 'G9', 0),
(1054, 87, 'G10', 0),
(1055, 87, 'G11', 0),
(1056, 87, 'G12', 0),
(1057, 87, 'G13', 0),
(1058, 87, 'G14', 0),
(1059, 87, 'G15', 0),
(1060, 87, 'G16', 0),
(1061, 87, 'G17', 0),
(1062, 87, 'G18', 0),
(1063, 87, 'G19', 0),
(1064, 87, 'G20', 0),
(1065, 87, 'G21', 0),
(1066, 87, 'G22', 0),
(1067, 87, 'G23', 0),
(1068, 87, 'G24', 0),
(1069, 88, 'G1', 0),
(1070, 88, 'G2', 0),
(1071, 88, 'G3', 9),
(1072, 88, 'G4', 22),
(1073, 88, 'G5', 0),
(1074, 88, 'G6', 28),
(1075, 88, 'G7', 0),
(1076, 88, 'G8', 0),
(1077, 88, 'G9', 0),
(1078, 88, 'G10', 0),
(1079, 88, 'G11', 0),
(1080, 88, 'G12', 0),
(1081, 88, 'G13', 0),
(1082, 88, 'G14', 0),
(1083, 88, 'G15', 0),
(1084, 88, 'G16', 14),
(1085, 88, 'G17', 0),
(1086, 88, 'G18', 0),
(1087, 88, 'G19', 0),
(1088, 88, 'G20', 0),
(1089, 88, 'G21', 0),
(1090, 88, 'G22', 0),
(1091, 88, 'G23', 0),
(1092, 88, 'G24', 0),
(1093, 88, 'G1', 0),
(1094, 88, 'G2', 0),
(1095, 88, 'G3', 9),
(1096, 88, 'G4', 22),
(1097, 88, 'G5', 0),
(1098, 88, 'G6', 28),
(1099, 88, 'G7', 0),
(1100, 88, 'G8', 0),
(1101, 88, 'G9', 0),
(1102, 88, 'G10', 0),
(1103, 88, 'G11', 0),
(1104, 88, 'G12', 0),
(1105, 88, 'G13', 0),
(1106, 88, 'G14', 0),
(1107, 88, 'G15', 0),
(1108, 88, 'G16', 14),
(1109, 88, 'G17', 0),
(1110, 88, 'G18', 0),
(1111, 88, 'G19', 0),
(1112, 88, 'G20', 0),
(1113, 88, 'G21', 0),
(1114, 88, 'G22', 0),
(1115, 88, 'G23', 0),
(1116, 88, 'G24', 0),
(1117, 89, 'G1', 0),
(1118, 89, 'G2', 0),
(1119, 89, 'G3', 19),
(1120, 89, 'G4', 0),
(1121, 89, 'G5', 5),
(1122, 89, 'G6', 0),
(1123, 89, 'G7', 0),
(1124, 89, 'G8', 0),
(1125, 89, 'G9', 0),
(1126, 89, 'G10', 0),
(1127, 89, 'G11', 10),
(1128, 89, 'G12', 22),
(1129, 89, 'G13', 0),
(1130, 89, 'G14', 0),
(1131, 89, 'G15', 10),
(1132, 89, 'G16', 0),
(1133, 89, 'G17', 0),
(1134, 89, 'G18', 0),
(1135, 89, 'G19', 0),
(1136, 89, 'G20', 0),
(1137, 89, 'G21', 0),
(1138, 89, 'G22', 0),
(1139, 89, 'G23', 0),
(1140, 89, 'G24', 0),
(1141, 90, 'G1', 0),
(1142, 90, 'G2', 0),
(1143, 90, 'G3', 0),
(1144, 90, 'G4', 0),
(1145, 90, 'G5', 12),
(1146, 90, 'G6', 0),
(1147, 90, 'G7', 0),
(1148, 90, 'G8', 0),
(1149, 90, 'G9', 3),
(1150, 90, 'G10', 0),
(1151, 90, 'G11', 21),
(1152, 90, 'G12', 0),
(1153, 90, 'G13', 0),
(1154, 90, 'G14', 11),
(1155, 90, 'G15', 0),
(1156, 90, 'G16', 0),
(1157, 90, 'G17', 0),
(1158, 90, 'G18', 16),
(1159, 90, 'G19', 0),
(1160, 90, 'G20', 0),
(1161, 90, 'G21', 0),
(1162, 90, 'G22', 0),
(1163, 90, 'G23', 0),
(1164, 90, 'G24', 0),
(1165, 91, 'G1', 5),
(1166, 91, 'G2', 0),
(1167, 91, 'G3', 0),
(1168, 91, 'G4', 14),
(1169, 91, 'G5', 0),
(1170, 91, 'G6', 0),
(1171, 91, 'G7', 0),
(1172, 91, 'G8', 0),
(1173, 91, 'G9', 0),
(1174, 91, 'G10', 0),
(1175, 91, 'G11', 0),
(1176, 91, 'G12', 0),
(1177, 91, 'G13', 0),
(1178, 91, 'G14', 0),
(1179, 91, 'G15', 10),
(1180, 91, 'G16', 0),
(1181, 91, 'G17', 11),
(1182, 91, 'G18', 0),
(1183, 91, 'G19', 0),
(1184, 91, 'G20', 0),
(1185, 91, 'G21', 0),
(1186, 91, 'G22', 0),
(1187, 91, 'G23', 0),
(1188, 91, 'G24', 28),
(1189, 92, 'G1', 0),
(1190, 92, 'G2', 0),
(1191, 92, 'G3', 9),
(1192, 92, 'G4', 22),
(1193, 92, 'G5', 0),
(1194, 92, 'G6', 28),
(1195, 92, 'G7', 0),
(1196, 92, 'G8', 0),
(1197, 92, 'G9', 0),
(1198, 92, 'G10', 0),
(1199, 92, 'G11', 0),
(1200, 92, 'G12', 0),
(1201, 92, 'G13', 0),
(1202, 92, 'G14', 0),
(1203, 92, 'G15', 0),
(1204, 92, 'G16', 14),
(1205, 92, 'G17', 0),
(1206, 92, 'G18', 0),
(1207, 92, 'G19', 0),
(1208, 92, 'G20', 0),
(1209, 92, 'G21', 0),
(1210, 92, 'G22', 0),
(1211, 92, 'G23', 0),
(1212, 92, 'G24', 0),
(1213, 93, 'G1', 0),
(1214, 93, 'G2', 0),
(1215, 93, 'G3', 9),
(1216, 93, 'G4', 22),
(1217, 93, 'G5', 0),
(1218, 93, 'G6', 28),
(1219, 93, 'G7', 0),
(1220, 93, 'G8', 0),
(1221, 93, 'G9', 0),
(1222, 93, 'G10', 0),
(1223, 93, 'G11', 0),
(1224, 93, 'G12', 0),
(1225, 93, 'G13', 0),
(1226, 93, 'G14', 0),
(1227, 93, 'G15', 0),
(1228, 93, 'G16', 14),
(1229, 93, 'G17', 0),
(1230, 93, 'G18', 0),
(1231, 93, 'G19', 0),
(1232, 93, 'G20', 0),
(1233, 93, 'G21', 0),
(1234, 93, 'G22', 0),
(1235, 93, 'G23', 0),
(1236, 93, 'G24', 0),
(1237, 94, 'G1', 11),
(1238, 94, 'G2', 5),
(1239, 94, 'G3', 9),
(1240, 94, 'G4', 0),
(1241, 94, 'G5', 0),
(1242, 94, 'G6', 0),
(1243, 94, 'G7', 28),
(1244, 94, 'G8', 0),
(1245, 94, 'G9', 0),
(1246, 94, 'G10', 0),
(1247, 94, 'G11', 0),
(1248, 94, 'G12', 0),
(1249, 94, 'G13', 0),
(1250, 94, 'G14', 0),
(1251, 94, 'G15', 0),
(1252, 94, 'G16', 0),
(1253, 94, 'G17', 0),
(1254, 94, 'G18', 0),
(1255, 94, 'G19', 0),
(1256, 94, 'G20', 0),
(1257, 94, 'G21', 0),
(1258, 94, 'G22', 0),
(1259, 94, 'G23', 0),
(1260, 94, 'G24', 0),
(1261, 95, 'G1', 5),
(1262, 95, 'G2', 0),
(1263, 95, 'G3', 0),
(1264, 95, 'G4', 0),
(1265, 95, 'G5', 5),
(1266, 95, 'G6', 0),
(1267, 95, 'G7', 0),
(1268, 95, 'G8', 0),
(1269, 95, 'G9', 0),
(1270, 95, 'G10', 0),
(1271, 95, 'G11', 0),
(1272, 95, 'G12', 0),
(1273, 95, 'G13', 0),
(1274, 95, 'G14', 0),
(1275, 95, 'G15', 15),
(1276, 95, 'G16', 0),
(1277, 95, 'G17', 0),
(1278, 95, 'G18', 0),
(1279, 95, 'G19', 0),
(1280, 95, 'G20', 0),
(1281, 95, 'G21', 0),
(1282, 95, 'G22', 0),
(1283, 95, 'G23', 50),
(1284, 95, 'G24', 0),
(1285, 96, 'G1', 5),
(1286, 96, 'G2', 0),
(1287, 96, 'G3', 0),
(1288, 96, 'G4', 0),
(1289, 96, 'G5', 5),
(1290, 96, 'G6', 0),
(1291, 96, 'G7', 0),
(1292, 96, 'G8', 0),
(1293, 96, 'G9', 0),
(1294, 96, 'G10', 0),
(1295, 96, 'G11', 0),
(1296, 96, 'G12', 0),
(1297, 96, 'G13', 0),
(1298, 96, 'G14', 0),
(1299, 96, 'G15', 15),
(1300, 96, 'G16', 0),
(1301, 96, 'G17', 0),
(1302, 96, 'G18', 0),
(1303, 96, 'G19', 0),
(1304, 96, 'G20', 0),
(1305, 96, 'G21', 0),
(1306, 96, 'G22', 0),
(1307, 96, 'G23', 50),
(1308, 96, 'G24', 0),
(1309, 97, 'G1', 11),
(1310, 97, 'G2', 5),
(1311, 97, 'G3', 9),
(1312, 97, 'G4', 0),
(1313, 97, 'G5', 0),
(1314, 97, 'G6', 0),
(1315, 97, 'G7', 0),
(1316, 97, 'G8', 0),
(1317, 97, 'G9', 0),
(1318, 97, 'G10', 21),
(1319, 97, 'G11', 0),
(1320, 97, 'G12', 0),
(1321, 97, 'G13', 0),
(1322, 97, 'G14', 0),
(1323, 97, 'G15', 15),
(1324, 97, 'G16', 0),
(1325, 97, 'G17', 0),
(1326, 97, 'G18', 0),
(1327, 97, 'G19', 0),
(1328, 97, 'G20', 0),
(1329, 97, 'G21', 0),
(1330, 97, 'G22', 0),
(1331, 97, 'G23', 0),
(1332, 97, 'G24', 0);

-- --------------------------------------------------------

--
-- Table structure for table `tb_diagnosa`
--

CREATE TABLE `tb_diagnosa` (
  `id_diagnosa` int(5) NOT NULL,
  `tanggal` date NOT NULL,
  `id_pasien` int(5) NOT NULL,
  `id_penyakit` varchar(3) NOT NULL
) ENGINE=InnoDB DEFAULT CHARSET=utf8mb4;

--
-- Dumping data for table `tb_diagnosa`
--

INSERT INTO `tb_diagnosa` (`id_diagnosa`, `tanggal`, `id_pasien`, `id_penyakit`) VALUES
(11, '2020-05-26', 39, 'P02'),
(16, '2020-05-26', 40, 'P01'),
(22, '2020-05-27', 41, 'P02'),
(23, '2020-05-27', 33, 'P02'),
(24, '2020-05-27', 33, 'P02'),
(25, '2020-05-27', 35, 'P02'),
(26, '2020-05-27', 33, 'P02'),
(27, '2020-05-27', 41, 'P02'),
(28, '2020-05-27', 41, 'P02'),
(29, '2020-05-27', 46, 'P01'),
(30, '2020-05-30', 49, 'P01'),
(31, '2020-05-30', 49, 'P01'),
(32, '2020-05-30', 49, 'P01'),
(33, '2020-05-30', 49, 'P01'),
(34, '2020-05-30', 49, 'P01'),
(35, '2020-05-30', 49, 'P01'),
(36, '2020-05-30', 49, 'P01'),
(37, '2020-05-30', 49, 'P01'),
(38, '2020-05-30', 49, 'P01'),
(39, '2020-05-30', 49, 'P01'),
(40, '2020-05-30', 49, 'P01'),
(41, '2020-05-30', 49, 'P01'),
(42, '2020-05-30', 49, 'P01'),
(43, '2020-05-30', 49, 'P01'),
(44, '2020-05-30', 49, 'P01'),
(45, '2020-05-30', 49, 'P01'),
(46, '2020-05-30', 49, 'P01'),
(47, '2020-06-07', 50, 'P02'),
(48, '2020-06-12', 51, 'P02'),
(49, '2020-06-12', 51, 'P02'),
(50, '2020-06-16', 52, 'P02'),
(51, '2020-06-21', 53, 'P01'),
(52, '2020-06-21', 54, 'P01'),
(53, '2020-06-21', 54, 'P01'),
(54, '2020-06-21', 55, 'P01'),
(55, '2020-06-21', 56, 'P03'),
(56, '2020-06-21', 57, 'P01'),
(57, '2020-06-21', 58, 'P02'),
(58, '2020-06-21', 59, 'P02'),
(59, '2020-06-21', 60, 'P02'),
(60, '2020-06-21', 61, 'P03'),
(61, '2020-06-21', 62, 'P03'),
(62, '2020-06-21', 63, 'P04'),
(63, '2020-06-21', 64, 'P04'),
(64, '2020-06-24', 66, 'P02'),
(65, '2020-06-25', 66, 'P02'),
(66, '2020-06-25', 67, 'P01'),
(67, '2020-06-25', 67, 'P01'),
(68, '2020-06-25', 67, 'P01'),
(69, '2020-06-28', 68, 'P01'),
(70, '2020-06-28', 68, 'P01'),
(71, '2020-06-28', 68, 'P01'),
(72, '2020-06-28', 69, 'P01'),
(73, '2020-06-28', 70, 'P01'),
(74, '2020-06-28', 71, 'P02'),
(75, '2020-06-29', 73, 'P02'),
(76, '2020-06-29', 74, 'P03'),
(77, '2020-06-29', 75, 'P03'),
(78, '2020-06-29', 74, 'P03'),
(79, '2020-06-29', 76, 'P04'),
(80, '2020-06-30', 77, 'P04'),
(81, '2020-06-30', 78, 'P04'),
(82, '2020-06-30', 79, 'P04'),
(83, '2020-06-30', 80, 'P04'),
(84, '2020-06-30', 81, 'P02'),
(85, '2020-06-30', 82, 'P01'),
(86, '2020-06-30', 83, 'P01'),
(87, '2020-06-30', 84, 'P02'),
(88, '2020-06-30', 85, 'P02'),
(89, '2020-06-30', 86, 'P01'),
(90, '2020-06-30', 87, 'P01'),
(91, '2020-06-30', 88, 'P01'),
(92, '2020-06-30', 88, 'P01'),
(93, '2020-07-01', 89, 'P03'),
(94, '2020-07-01', 90, 'P03'),
(95, '2020-07-01', 91, 'P04'),
(96, '2020-07-01', 92, 'P01'),
(97, '2020-07-01', 92, 'P01'),
(98, '2020-07-01', 92, 'P01'),
(99, '2020-07-01', 92, 'P04'),
(100, '2020-07-01', 93, 'P04'),
(101, '2020-07-01', 94, 'P03'),
(102, '2020-07-01', 95, 'P04'),
(103, '2020-07-01', 95, 'P04'),
(104, '2020-07-01', 96, 'P04'),
(105, '2020-07-01', 96, 'P04'),
(106, '2020-07-01', 97, 'P04'),
(107, '2020-07-01', 97, 'P02'),
(108, '2020-07-01', 97, 'P02');

-- --------------------------------------------------------

--
-- Table structure for table `tb_gejala`
--

CREATE TABLE `tb_gejala` (
  `id_gejala` varchar(5) NOT NULL,
  `nama_gejala` varchar(50) NOT NULL
) ENGINE=InnoDB DEFAULT CHARSET=utf8mb4;

--
-- Dumping data for table `tb_gejala`
--

INSERT INTO `tb_gejala` (`id_gejala`, `nama_gejala`) VALUES
('G1', 'Nyeri pada punggung'),
('G10', 'Diare'),
('G11', 'Sembelit'),
('G12', 'Mual'),
('G13', 'pendarahan diluar jadwal menstruasi'),
('G14', 'Pertumbuhan rambut tidak normal'),
('G15', 'Rambut rontok'),
('G16', 'Kelebihan Berat badan atau obesitas'),
('G17', 'Tumbuh jerawat'),
('G18', 'Mudah Kenyang'),
('G19', 'Pertumbuhan rambut tidak normal'),
('G2', 'Nyeri Haid'),
('G20', 'Rambut rontok'),
('G21', 'Kelebihan Berat badan atau obesitas'),
('G22', 'Tumbuh jerawat'),
('G23', 'Keputihan yang tidak normal'),
('G24', 'Kaki Bengkak atau sakit'),
('G3', 'Menstruasi tidak teratur'),
('G4', 'Pendarahan yang berlebihan'),
('G5', 'Rasa sakit saat berhubungan seksual'),
('G6', 'Nyeri saat BAB dan BAK'),
('G7', 'Terdapat darah pada urin dan feses'),
('G8', 'Susah Hamil'),
('G9', 'Kembung');

-- --------------------------------------------------------

--
-- Table structure for table `tb_pasien`
--

CREATE TABLE `tb_pasien` (
  `id_pasien` int(5) NOT NULL,
  `nama_pasien` varchar(30) NOT NULL,
  `umur` int(3) NOT NULL
) ENGINE=InnoDB DEFAULT CHARSET=utf8mb4;

--
-- Dumping data for table `tb_pasien`
--

INSERT INTO `tb_pasien` (`id_pasien`, `nama_pasien`, `umur`) VALUES
(2, 'Salsa', 12),
(3, 'Audria', 13),
(4, 'Bila', 14),
(5, 'Hafshah', 20),
(6, 'Ayla', 13),
(7, 'Bila', 13),
(8, '', 0),
(9, 'Audria', 12),
(10, 'Audria', 12),
(11, 'Audria', 12),
(12, 'Bila', 13),
(13, 'Bila', 13),
(14, 'Audria', 12),
(15, 'Hafshah', 12),
(16, 'Audria', 12),
(17, 'Audria', 13),
(18, 'Audria', 12),
(19, 'Ayla', 13),
(20, 'Ayla', 13),
(21, 'Bila', 13),
(22, 'Ayla', 12),
(23, 'Audria', 20),
(24, 'Audria', 20),
(25, 'Ayla', 12),
(26, 'Ayla', 12),
(27, 'Audria', 12),
(28, 'Test', 10),
(29, 'Kekeyi', 19),
(30, 'Audria', 10),
(31, 'Audria', 10),
(32, 'Audria', 12),
(33, 'Ayla', 12),
(34, 'Audria', 12),
(35, 'Audria', 12),
(36, 'Audria', 14),
(37, 'Audria', 15),
(38, 'Audria', 16),
(39, 'Audria', 16),
(40, 'Audria', 16),
(41, 'Ayla', 12),
(42, '', 0),
(43, 'Audria', 12),
(44, 'Audria', 12),
(45, 'Audria', 14),
(46, 'Ayla', 13),
(47, '', 0),
(48, 'Bila', 13),
(49, 'Hafshah', 15),
(50, 'Salsa', 14),
(51, 'Bila', 14),
(52, 'Fransiska', 22),
(53, 'Fransiska', 13),
(54, 'Audria', 14),
(55, 'Asih', 43),
(56, 'Ami', 34),
(57, 'Anti', 32),
(58, 'Pipin', 30),
(59, 'Ninik ', 30),
(60, 'Indah', 37),
(61, 'Rara', 20),
(62, 'Riris', 17),
(63, 'Faiza', 17),
(64, 'Kezia', 21),
(65, 'Ade', 14),
(66, 'Dinda', 51),
(67, 'tiara', 27),
(68, 'Yersi', 21),
(69, 'Ayu', 32),
(70, 'Zahra', 45),
(71, 'Aurel', 31),
(72, 'Aurel', 17),
(73, 'Talita', 18),
(74, 'Dahayu', 20),
(75, 'Hilda', 21),
(76, 'Dinda', 24),
(77, 'Shifa', 25),
(78, 'Dinda', 26),
(79, 'Rara', 27),
(80, 'Eka', 27),
(81, 'Nesya ', 30),
(82, 'Erna', 30),
(83, 'Tina', 31),
(84, 'Raisa', 34),
(85, 'Risma', 35),
(86, 'Olga', 36),
(87, 'Eta', 37),
(88, 'Rini', 34),
(89, 'Sari', 38),
(90, 'Fada', 39),
(91, 'Syakira', 40),
(92, 'Rossa', 16),
(93, 'Freya', 23),
(94, 'Yasmin', 45),
(95, 'Mimi', 34),
(96, 'Ulfa', 32),
(97, 'Audria', 23);

-- --------------------------------------------------------

--
-- Table structure for table `tb_penyakit`
--

CREATE TABLE `tb_penyakit` (
  `id_penyakit` varchar(3) NOT NULL,
  `nama_penyakit` varchar(15) NOT NULL,
  `solusi_penyakit` text NOT NULL
) ENGINE=InnoDB DEFAULT CHARSET=utf8mb4;

--
-- Dumping data for table `tb_penyakit`
--

INSERT INTO `tb_penyakit` (`id_penyakit`, `nama_penyakit`, `solusi_penyakit`) VALUES
('P01', 'Endometriosis', 'Terapi, pengobatan'),
('P02', 'PCOS', 'pengobatan, peraturan diet, olahraga'),
('P03', 'Kanker Serviks', 'Operasi, Radiasi, Kemoterapi'),
('P04', 'Kanker Ovarium', 'Operasi, Kemoterapi');

-- --------------------------------------------------------

--
-- Table structure for table `tb_user`
--

CREATE TABLE `tb_user` (
  `id_user` int(11) NOT NULL,
  `username` varchar(30) NOT NULL,
  `password` varchar(50) NOT NULL,
  `level` int(1) NOT NULL
) ENGINE=InnoDB DEFAULT CHARSET=utf8mb4;

--
-- Dumping data for table `tb_user`
--

INSERT INTO `tb_user` (`id_user`, `username`, `password`, `level`) VALUES
(1, 'audriasalsa', '202cb962ac59075b964b07152d234b70', 2),
(5, 'adr', '202cb962ac59075b964b07152d234b70', 2),
(6, 'aylafada', 'd9b1d7db4cd6e70935368a1efb10e377', 2),
(7, 'audriasalsaa', '202cb962ac59075b964b07152d234b70', 1);

--
-- Indexes for dumped tables
--

--
-- Indexes for table `tb_datalatih`
--
ALTER TABLE `tb_datalatih`
  ADD PRIMARY KEY (`id_datalatih`),
  ADD KEY `id_gejala` (`id_gejala`),
  ADD KEY `id_pasien` (`id_pasien`),
  ADD KEY `id_penyakit` (`id_penyakit`);

--
-- Indexes for table `tb_datauji`
--
ALTER TABLE `tb_datauji`
  ADD PRIMARY KEY (`id_datauji`),
  ADD KEY `id_gejala` (`id_gejala`),
  ADD KEY `id_pasien` (`id_pasien`);

--
-- Indexes for table `tb_diagnosa`
--
ALTER TABLE `tb_diagnosa`
  ADD PRIMARY KEY (`id_diagnosa`),
  ADD KEY `id_pasien` (`id_pasien`),
  ADD KEY `id_penyakit` (`id_penyakit`);

--
-- Indexes for table `tb_gejala`
--
ALTER TABLE `tb_gejala`
  ADD PRIMARY KEY (`id_gejala`);

--
-- Indexes for table `tb_pasien`
--
ALTER TABLE `tb_pasien`
  ADD PRIMARY KEY (`id_pasien`);

--
-- Indexes for table `tb_penyakit`
--
ALTER TABLE `tb_penyakit`
  ADD PRIMARY KEY (`id_penyakit`);

--
-- Indexes for table `tb_user`
--
ALTER TABLE `tb_user`
  ADD PRIMARY KEY (`id_user`),
  ADD UNIQUE KEY `username` (`username`);

--
-- AUTO_INCREMENT for dumped tables
--

--
-- AUTO_INCREMENT for table `tb_datalatih`
--
ALTER TABLE `tb_datalatih`
  MODIFY `id_datalatih` int(5) NOT NULL AUTO_INCREMENT, AUTO_INCREMENT=4864;

--
-- AUTO_INCREMENT for table `tb_datauji`
--
ALTER TABLE `tb_datauji`
  MODIFY `id_datauji` int(5) NOT NULL AUTO_INCREMENT, AUTO_INCREMENT=1333;

--
-- AUTO_INCREMENT for table `tb_diagnosa`
--
ALTER TABLE `tb_diagnosa`
  MODIFY `id_diagnosa` int(5) NOT NULL AUTO_INCREMENT, AUTO_INCREMENT=109;

--
-- AUTO_INCREMENT for table `tb_pasien`
--
ALTER TABLE `tb_pasien`
  MODIFY `id_pasien` int(5) NOT NULL AUTO_INCREMENT, AUTO_INCREMENT=98;

--
-- AUTO_INCREMENT for table `tb_user`
--
ALTER TABLE `tb_user`
  MODIFY `id_user` int(11) NOT NULL AUTO_INCREMENT, AUTO_INCREMENT=8;

--
-- Constraints for dumped tables
--

--
-- Constraints for table `tb_datalatih`
--
ALTER TABLE `tb_datalatih`
  ADD CONSTRAINT `tb_datalatih_ibfk_1` FOREIGN KEY (`id_gejala`) REFERENCES `tb_gejala` (`id_gejala`),
  ADD CONSTRAINT `tb_datalatih_ibfk_2` FOREIGN KEY (`id_pasien`) REFERENCES `tb_pasien` (`id_pasien`),
  ADD CONSTRAINT `tb_datalatih_ibfk_3` FOREIGN KEY (`id_penyakit`) REFERENCES `tb_penyakit` (`id_penyakit`);

--
-- Constraints for table `tb_datauji`
--
ALTER TABLE `tb_datauji`
  ADD CONSTRAINT `tb_datauji_ibfk_1` FOREIGN KEY (`id_gejala`) REFERENCES `tb_gejala` (`id_gejala`),
  ADD CONSTRAINT `tb_datauji_ibfk_2` FOREIGN KEY (`id_pasien`) REFERENCES `tb_pasien` (`id_pasien`);

--
-- Constraints for table `tb_diagnosa`
--
ALTER TABLE `tb_diagnosa`
  ADD CONSTRAINT `tb_diagnosa_ibfk_1` FOREIGN KEY (`id_pasien`) REFERENCES `tb_pasien` (`id_pasien`),
  ADD CONSTRAINT `tb_diagnosa_ibfk_2` FOREIGN KEY (`id_penyakit`) REFERENCES `tb_penyakit` (`id_penyakit`);
COMMIT;

/*!40101 SET CHARACTER_SET_CLIENT=@OLD_CHARACTER_SET_CLIENT */;
/*!40101 SET CHARACTER_SET_RESULTS=@OLD_CHARACTER_SET_RESULTS */;
/*!40101 SET COLLATION_CONNECTION=@OLD_COLLATION_CONNECTION */;
